run_id,date_utc,test_type,pool,suite_version,scenario_count,romhack_commit,rom_hash,access_mode,opponent_model,action_quality,mechanics_accuracy,reasoning_quality,risk_management,calibration,weighted_score,top_move_agreement,acceptable_move_agreement,severe_blunders,mechanics_errors,state_errors,hidden_info_errors,illegal_action_errors,earliest_error_turn,wins,battles,sim_win_rate,confidence_interval,notes_artifact,next_study_target
proxy_baseline_2026_05_14,2026-05-14,proxy_baseline,mixed,existing_artifacts,43,unknown,unknown,visible_artifacts,none,,,,,,,"43/43 state-transition proxy","not sealed",0,0,0,0,0,,0,0,,,audit/boss_ai_preference/state_transition_benchmarks.md; audit/boss_ai_preference/final_report.md,Run Quick Test 001 with fresh semi-blind prompts
quick_test_001a_2026_05_14,2026-05-14,quick_probe,vanilla_gsc_external_atlas,external_atlas_p11_p20,10,unknown,unknown,semi_blind_public_prompts_oracle_after_answers,source_oracle,4.0,4.0,4.0,3.6,4.0,98.5,10/10,10/10,0,0,0,0,0,,0,0,,,docs/pokemon_mastery/quick_tests/quick_test_001_2026-05-14.md,"Run a full mixed quick probe with fresh romhack and mechanics prompts whose local oracle fields have not been opened"
quick_test_002_micro_2026_05_14,2026-05-14,replay_micro_probe,vanilla_gsc_replay,smogtours-gen2ou-912130_turns_10_20_30_40_50,5,unknown,unknown,frozen_public_prompts_but_own_known_team_omitted,expert_replay_actual_move_weak_oracle,,,,,,,2/4,3/4,0,0,1,0,0,40,0,0,,,"docs/pokemon_mastery/quick_tests/quick_test_002_replay_micro_probe_2026-05-14.md","Uncounted rough 82.0; fix quick-test prompt generation: include advised side known team/moves; exclude no-action asleep turns; then run 10 mixed prompts"
replay_turn_pause_001_2026_05_14,2026-05-14,replay_turn_pause,vanilla_gsc_replay,smogtours-gen2ou-912131_turns_1_5,10,unknown,unknown,spectator_public_turn_pause_hidden_future,expert_replay_actual_move_weak_oracle,,,,,,,3/10,6/10,0,0,1,0,0,2,0,0,,,"docs/pokemon_mastery/quick_tests/replay_turn_pause_001_smogtours-gen2ou-912131_2026-05-14.md","Continue replay turn-pause; study early Rest role-preservation and phazer-before-Spikes sequencing"
replay_turn_pause_001b_2026_05_14,2026-05-14,replay_turn_pause,vanilla_gsc_replay,smogtours-gen2ou-912131_turns_6_15,20,unknown,unknown,spectator_public_turn_pause_hidden_future,expert_replay_actual_move_weak_oracle,,,,,,,11/20,14/20,0,0,0,0,0,6,0,0,,,"docs/pokemon_mastery/quick_tests/replay_turn_pause_001_smogtours-gen2ou-912131_2026-05-14.md","Study support-map switching: active setter is not always spinner; route-flipping hidden own-team answer enables doubles"
replay_turn_pause_002_2026_05_14,2026-05-14,replay_turn_pause,vanilla_gsc_replay,smogtours-gen2ou-917186_turns_1_10,20,unknown,unknown,spectator_public_turn_pause_hidden_future,expert_replay_actual_move_weak_oracle,,,,,,,6/20,12/20,1,0,0,0,0,1,0,0,,,"docs/pokemon_mastery/quick_tests/replay_turn_pause_002_smogtours-gen2ou-917186_2026-05-14.md","Study sacrifice selection and support cash-out: choose which teammate takes obvious Explosion"
transfer_sprint_poker_ai_001_2026_05_14,2026-05-14,cross_domain_transfer,poker_ai_imperfect_information,deepstack_libratus_depth_limited_solving,1,unknown,unknown,open_study_then_pokemon_transfer_artifact,primary_research_transfer_not_score,,,,,,,,,0,0,0,0,0,,0,0,,,"docs/pokemon_mastery/source_to_policy_ledger.md#stp-058-re-solve-the-local-subgame-after-every-reveal; docs/pokemon_mastery/paused_turn_atlas.md#pta-055-re-solve-after-the-reveal","Run replay/probe canary for re-solving after reveal: must name obvious punish, route-preserving switch, and greed/support branch"
replay_turn_pause_003_resolve_canary_2026_05_14,2026-05-14,replay_turn_pause,vanilla_gsc_replay,smogtours-gen2ou-917193_turns_1_6_branch_bundle,12,unknown,unknown,spectator_public_turn_pause_hidden_future,expert_replay_actual_move_weak_oracle,,,,,,,2/12,6/12,0,0,0,0,0,1,0,0,,,"docs/pokemon_mastery/quick_tests/replay_turn_pause_003_resolve_canary_smogtours-gen2ou-917193_2026-05-14.md","Branch-bundle compliance 6/6 but accuracy weak; study status-as-route-stopper and double re-solve after visible matchup is priced"
replay_turn_pause_004_branch_quality_2026_05_14,2026-05-14,replay_turn_pause,vanilla_gsc_replay,smogtours-gen2ou-917826_turns_1_6_branch_quality,12,unknown,unknown,spectator_public_turn_pause_hidden_future,expert_replay_actual_move_weak_oracle,,,,,,,5/12,8/12,0,0,0,0,0,1,0,0,,,"docs/pokemon_mastery/quick_tests/replay_turn_pause_004_branch_quality_smogtours-gen2ou-917826_2026-05-14.md","Add coverage-into-route-preserving-switch to future branch bundles; continue support mirror reps"
replay_turn_pause_005_status_route_2026_05_14,2026-05-14,replay_turn_pause,vanilla_gsc_replay,smogtours-gen2ou-903666_turns_3_12_status_route,20,unknown,unknown,spectator_public_turn_pause_hidden_future_turns_1_2_excluded,expert_replay_actual_move_weak_oracle,,,,,,,5/20,12/20,1,0,0,0,0,3,0,0,,,"docs/pokemon_mastery/quick_tests/replay_turn_pause_005_status_route_smogtours-gen2ou-903666_2026-05-14.md","Study support-turn priority: Toxic as route-stopper before Spikes or Rapid Spin when setup is live"
replay_turn_pause_006_spinner_poison_pivot_2026_05_14,2026-05-14,replay_turn_pause,vanilla_gsc_replay,smogtours-gen2ou-907668_turns_7_11_spinner_poison_pivot,9,unknown,unknown,spectator_public_turn_pause_hidden_future_turns_1_6_excluded,expert_replay_actual_move_weak_oracle,,,,,,,4/9,5/9,0,0,0,0,0,9,0,0,,,"docs/pokemon_mastery/quick_tests/replay_turn_pause_006_spinner_poison_pivot_smogtours-gen2ou-907668_2026-05-14.md","Study poisoned-spinner pivots and unseen normal-resist branches before continuing hazard/spin loops"
replay_turn_pause_007_electric_handoff_overcorrection_2026_05_14,2026-05-14,replay_turn_pause,vanilla_gsc_replay,smogtours-gen2ou-907668_turns_12_18_electric_handoff_overcorrection,13,unknown,unknown,spectator_public_turn_pause_hidden_future_turns_1_11_known,expert_replay_actual_move_weak_oracle,,,,,,,4/13,7/13,0,0,0,0,0,13,0,0,,,"docs/pokemon_mastery/quick_tests/replay_turn_pause_007_electric_handoff_overcorrection_smogtours-gen2ou-907668_2026-05-14.md","Study support cash-out versus handoff: before predicting Explosion ask which recurring teammate gets a better board by entering instead"
replay_turn_pause_008_cashout_handoff_fresh_2026_05_14,2026-05-14,replay_turn_pause,vanilla_gsc_replay,smogtours-gen2ou-907674_turns_1_8_cashout_handoff,16,unknown,unknown,spectator_public_turn_pause_hidden_future_fresh_replay,expert_replay_actual_move_weak_oracle,,,,,,,6/16,9/16,0,0,0,0,0,2,0,0,,,"docs/pokemon_mastery/quick_tests/replay_turn_pause_008_cashout_handoff_fresh_smogtours-gen2ou-907674_2026-05-14.md","Extract or drill support cash-out vs handoff: status/phazing/recurring teammate before Explosion"
replay_turn_pause_009_pta057_cashout_handoff_2026_05_14,2026-05-14,replay_turn_pause,vanilla_gsc_replay,smogtours-gen2ou-928699_turns_1_13_pta057_cashout_handoff,25,unknown,unknown,spectator_public_turn_pause_hidden_future_fresh_round12_replay,expert_replay_actual_move_weak_oracle,,,,,,,3/25,12/25,0,0,0,0,0,1,0,0,,,"docs/pokemon_mastery/quick_tests/replay_turn_pause_009_pta057_cashout_handoff_smogtours-gen2ou-928699_2026-05-14.md","PTA-057 second-stage drill: after support lands, re-rank handoff/preserve before declaring Explosion forced"
replay_turn_pause_010_pta057_regression_2026_05_14,2026-05-14,replay_turn_pause,vanilla_gsc_replay,smogtours-gen2ou-928703_turns_1_20_pta057_regression,38,unknown,unknown,spectator_public_turn_pause_hidden_future_fresh_round12_replay,expert_replay_actual_move_weak_oracle,,,,,,,10/38,18/38,0,0,0,0,0,1,0,0,,,"docs/pokemon_mastery/quick_tests/replay_turn_pause_010_pta057_regression_smogtours-gen2ou-928703_2026-05-14.md","PTA-057 partial correction: no Explosion overcall, but overfit into Rapid Spin/support-action ordering errors"
replay_turn_pause_011_support_choice_2026_05_14,2026-05-14,replay_turn_pause,vanilla_gsc_replay,smogtours-gen2ou-928706_turns_1_19_support_choice,37,unknown,unknown,spectator_public_turn_pause_hidden_future_fresh_round12_replay,expert_replay_actual_move_weak_oracle,,,,,,,14/37,23/37,0,0,0,0,0,1,0,0,,,"docs/pokemon_mastery/quick_tests/replay_turn_pause_011_support_choice_smogtours-gen2ou-928706_2026-05-14.md","Support-choice drill: improved support-action selection, still missed handoff timing and Charizard Roar/Toxic identity"
replay_turn_pause_012_pta058_boundary_2026_05_14,2026-05-14,replay_turn_pause,vanilla_gsc_replay,smogtours-gen2ou-930765_turns_1_12_pta058_boundary,24,unknown,unknown,spectator_public_turn_pause_hidden_future_fresh_round13_replay,expert_replay_actual_move_weak_oracle,,,,,,,11/24,12/24,0,0,0,0,0,1,0,0,,,"docs/pokemon_mastery/quick_tests/replay_turn_pause_012_pta058_boundary_smogtours-gen2ou-930765_2026-05-14.md","PTA-058 boundary: early support-choice improved, but undercalled correct Steelix/Cloyster cash-out after support job completed"
replay_turn_pause_013_pta058_preserve_boundary_2026_05_14,2026-05-14,replay_turn_pause,vanilla_gsc_replay,smogtours-gen2ou-933556_turns_1_12_pta058_preserve_boundary,24,unknown,unknown,spectator_public_turn_pause_hidden_future_fresh_round13_replay,expert_replay_actual_move_weak_oracle,,,,,,,11/24,16/24,1,0,0,0,0,1,0,0,,,"docs/pokemon_mastery/quick_tests/replay_turn_pause_013_pta058_preserve_boundary_smogtours-gen2ou-933556_2026-05-14.md","PTA-058 defense boundary: called opponent cash-out but failed to preserve healthy Snorlax with lower-value absorber"
replay_turn_pause_014_pta058_handoff_defense_2026_05_14,2026-05-14,replay_turn_pause,vanilla_gsc_replay,smogtours-gen2ou-935045_turns_1_16_pta058_handoff_defense,32,unknown,unknown,spectator_public_turn_pause_hidden_future_fresh_recent_replay_search,expert_replay_actual_move_weak_oracle,,,,,,,11/32,16/32,0,0,0,0,0,2,0,0,,,"docs/pokemon_mastery/quick_tests/replay_turn_pause_014_pta058_handoff_defense_smogtours-gen2ou-935045_2026-05-14.md","PTA-058 regression: cash-out defense improved later, but early status-to-Rest handoff was missed by overcalling Exeggutor Explosion"
replay_turn_pause_015_support_status_followup_2026_05_14,2026-05-14,replay_turn_pause,vanilla_gsc_replay,smogtours-gen2ou-935022_turns_1_19_support_status_followup,35,unknown,unknown,spectator_public_turn_pause_hidden_future_fresh_recent_replay_search,expert_replay_actual_move_weak_oracle,,,,,,,12/35,16/35,1,0,1,0,0,1,0,0,,,"docs/pokemon_mastery/quick_tests/replay_turn_pause_015_support_status_followup_smogtours-gen2ou-935022_2026-05-14.md","PTA-058 support-status follow-up: got Toxic -> Spikes -> Explosion order, but missed Focus Energy/Counter and Nidoking EQ KO branch pricing"
focus_energy_counter_branch_regression_001_2026_05_14,2026-05-14,post_oracle_regression,vanilla_gsc_replay,smogtours-gen2ou-935022_focus_energy_counter_branch_regression,5,unknown,unknown,post_oracle_known_outcome_regression,expert_replay_actual_move_weak_oracle,,,,,,,0/5_complete_branch_bundles,2/5_partial_branch_bundles,1,0,1,0,0,8,0,0,,,"docs/pokemon_mastery/quick_tests/focus_energy_counter_branch_regression_001_smogtours-gen2ou-935022_2026-05-14.md","Fresh unrelated replay drill at first revealed setup or punishment move; score re-solve quality only"
replay_turn_pause_016_baton_pass_resolve_2026_05_14,2026-05-14,replay_turn_pause,vanilla_gsc_replay,smogtours-gen2ou-934428_turns_4_11_baton_pass_resolve,15,unknown,unknown,spectator_public_turn_pause_hidden_future_turns_1_3_context,expert_replay_actual_move_weak_oracle,,,,,,,7/15,11/15,0,0,0,0,0,5,0,0,,,"docs/pokemon_mastery/quick_tests/replay_turn_pause_016_baton_pass_resolve_smogtours-gen2ou-934428_2026-05-14.md","Sleep-route drill: Snorlax/Exeggutor/absorber initiative after Baton Pass pivot"
replay_turn_pause_017_sleep_route_marowak_continuation_2026_05_14,2026-05-14,replay_turn_pause,vanilla_gsc_replay,smogtours-gen2ou-934428_turns_12_24_sleep_route_marowak,22,unknown,unknown,spectator_public_turn_pause_hidden_future_turns_1_11_known,expert_replay_actual_move_weak_oracle,,,,,,,15/22,18/22,1,0,0,0,0,12,0,0,,,"docs/pokemon_mastery/quick_tests/replay_turn_pause_017_sleep_route_marowak_continuation_smogtours-gen2ou-934428_2026-05-14.md","Construct 6-scenario sleeping-absorber preserve/attack/switch/trade probe with wake-Explosion branch"
sleep_clause_absorber_probe_001_2026_05_14,2026-05-14,constructed_quick_probe,vanilla_gsc_policy,sleep_clause_absorber_probe_001,6,unknown,unknown,constructed_nonblind_policy_regression,policy_answer_key,,,,,,,6/6,6/6,0,0,0,0,0,,0,0,,,"docs/pokemon_mastery/quick_tests/sleep_clause_absorber_probe_001_2026-05-14.md","Fresh unseen replay segment: stop at first sleep absorption and score switch-out/Sleep Talk/Explosion-utility branches"
replay_turn_pause_018_sleep_clause_absorber_2026_05_14,2026-05-14,replay_turn_pause,vanilla_gsc_replay,smogtours-gen2ou-934335_turns_6_8_sleep_clause_absorber,5,unknown,unknown,spectator_public_turn_pause_hidden_future_candidate_screened_sleep_move,expert_replay_actual_move_weak_oracle,,,,,,,3/5,5/5,0,0,0,0,0,7,0,0,,,"docs/pokemon_mastery/quick_tests/replay_turn_pause_018_sleep_clause_absorber_fresh_smogtours-gen2ou-934335_2026-05-14.md","Fresh sleep absorber drill where sleeping target first stays into low-punish active then switches under direct pressure"
replay_turn_pause_019_sleeper_later_job_2026_05_14,2026-05-14,replay_turn_pause,vanilla_gsc_replay,smogtours-gen2ou-934335_turns_17_24_sleeper_later_job,16,unknown,unknown,spectator_public_turn_pause_hidden_future_candidate_screened_sleep_move_continuation,expert_replay_actual_move_weak_oracle,,,,,,,3/16,7/16,0,0,0,0,0,17,0,0,,,"docs/pokemon_mastery/quick_tests/replay_turn_pause_019_sleeper_later_job_smogtours-gen2ou-934335_2026-05-14.md","Construct 6-prompt sleeping-piece-still-has-a-job probe: Sleep Talk Heal Bell phaze bait coverage absorber wake-and-act hazard-removal preservation"
sleeping_piece_later_job_probe_001_2026_05_14,2026-05-14,constructed_quick_probe,vanilla_gsc_policy,sleeping_piece_later_job_probe_001,6,unknown,unknown,constructed_nonblind_policy_regression,policy_answer_key,,,,,,,6/6_action_policy_hits,6/6_branch_bundle_hits,0,0,0,0,0,,0,0,,,"docs/pokemon_mastery/quick_tests/sleeping_piece_later_job_probe_001_2026-05-14.md","Fresh unseen replay segment with RestTalk or Heal Bell; score transfer of sleeping-piece-still-has-a-job prompts"
replay_turn_pause_020_sleeper_transfer_2026_05_14,2026-05-14,replay_turn_pause,vanilla_gsc_replay,smogtours-gen2ou-935572_turns_12_23_sleeper_transfer,23,unknown,unknown,spectator_public_turn_pause_hidden_future_candidate_screened_sleep_talk_and_induced_sleep,expert_replay_actual_move_weak_oracle,,,,,,,11/23,16/23,0,0,0,0,0,14,0,0,,,"docs/pokemon_mastery/quick_tests/replay_turn_pause_020_sleeper_transfer_smogtours-gen2ou-935572_2026-05-14.md","Fresh cash-out-threshold rep into sleeping targets: steady pressure vs wake absorber vs Explosion/Self-Destruct"
sleeping_target_cashout_threshold_probe_001_2026_05_14,2026-05-14,constructed_quick_probe,vanilla_gsc_policy,sleeping_target_cashout_threshold_probe_001,6,unknown,unknown,constructed_nonblind_policy_regression,policy_answer_key,,,,,,,6/6_action_policy_hits,6/6_branch_bundle_hits,0,0,0,0,0,,0,0,,,"docs/pokemon_mastery/quick_tests/sleeping_target_cashout_threshold_probe_001_2026-05-14.md","Fresh replay segment at first sleeping target with one-time trade available; score cash-out threshold transfer"
replay_turn_pause_021_cashout_threshold_partial_2026_05_14,2026-05-14,replay_turn_pause,vanilla_gsc_replay,smogtours-gen2ou-934904_turns_8_14_cashout_threshold_partial,14,unknown,unknown,spectator_public_turn_pause_hidden_future_candidate_screened_sleep_and_one_time_trade_turns_1_2_context_known,expert_replay_actual_move_weak_oracle,,,,,,,7/14,10/14,1,0,0,0,0,14,0,0,,,"docs/pokemon_mastery/quick_tests/replay_turn_pause_021_cashout_threshold_partial_smogtours-gen2ou-934904_2026-05-14.md","Narrow transfer: sleeping target plus one-time trade target identification; Snorlax Self-Destruct into passed receiver"
selfdestruct_receiver_branch_regression_001_2026_05_14,2026-05-14,post_oracle_regression,vanilla_gsc_replay,smogtours-gen2ou-934904_turn14_selfdestruct_receiver_branch,3,unknown,unknown,post_oracle_known_outcome_regression,expert_replay_actual_move_weak_oracle,,,,,,,3/3_branch_bundles,3/3_acceptable_action_bundles,0,0,0,0,0,14,0,0,,,"docs/pokemon_mastery/quick_tests/selfdestruct_receiver_branch_regression_001_smogtours-gen2ou-934904_2026-05-14.md","Fresh replay segment at first Agility/Baton Pass receiver; price Self-Destruct Explosion phazing and immediate attack before boost"
replay_turn_pause_022_receiver_counterplay_transfer_2026_05_14,2026-05-14,replay_turn_pause,vanilla_gsc_replay,smogtours-gen2ou-935551_turns_5_14_receiver_counterplay_transfer,16,unknown,unknown,spectator_public_turn_pause_hidden_future_candidate_screened_baton_pass_agility_one_time_trade,expert_replay_actual_move_weak_oracle,,,,,,,12/16,15/16,0,0,0,0,0,6,0,0,,,"docs/pokemon_mastery/quick_tests/replay_turn_pause_022_receiver_counterplay_transfer_smogtours-gen2ou-935551_2026-05-14.md","Fresh receiver segment with revealed setup; next test should include revealed phazing or Explosion before pass resolves"
replay_turn_pause_023_receiver_phaze_counterplay_2026_05_14,2026-05-14,replay_turn_pause,vanilla_gsc_replay,smogtours-gen2ou-933853_turns_1_14_receiver_phaze_counterplay,28,unknown,unknown,spectator_public_turn_pause_hidden_future_candidate_screened_baton_pass_agility_setup_phazing,expert_replay_actual_move_weak_oracle,,,,,,,17/28,24/28,0,0,0,0,0,3,0,0,,,"docs/pokemon_mastery/quick_tests/replay_turn_pause_023_receiver_phaze_counterplay_smogtours-gen2ou-933853_2026-05-14.md","Constructed post-phaze receiver-map probe: coverage punish, auto-switch, re-pass, sacrifice, absorber switch, immediate attack"
post_phaze_receiver_map_probe_001_2026_05_14,2026-05-14,constructed_quick_probe,vanilla_gsc_policy,post_phaze_receiver_map_probe_001,6,unknown,unknown,constructed_side_known_nonblind_policy_regression,policy_answer_key,,,,,,,6/6_action_policy_hits,6/6_branch_bundle_hits,0,0,0,0,0,,0,0,,,"docs/pokemon_mastery/quick_tests/post_phaze_receiver_map_probe_001_2026-05-14.md","Fresh unseen replay segment where phaze or Roar exposes a non-obvious attacker; price coverage possibility without treating unrevealed moves as fact"
route_trade_active_pressure_probe_001_2026_05_14,2026-05-14,post_oracle_regression,vanilla_gsc_replay,smogtours-gen2ou-934329_turns_2_21_active_route_trades,6,unknown,unknown,post_oracle_known_outcome_regression,expert_replay_actual_move_weak_oracle,,,,,,,6/6_action_policy_hits,6/6_branch_bundle_hits,0,0,0,0,0,2,0,0,,,"docs/pokemon_mastery/quick_tests/route_trade_active_pressure_probe_001_smogtours-gen2ou-934329_2026-05-14.md","Fresh unseen replay segment with early Snorlax Self-Destruct or Exeggutor/Cloyster Explosion pressure; transfer active-route trade threshold without overcalling blind Explosion"
replay_turn_pause_024_route_trade_threshold_2026_05_14,2026-05-14,replay_turn_pause,vanilla_gsc_replay,smogtours-gen2ou-934148_turns_1_9_route_trade_threshold,18,unknown,unknown,spectator_public_turn_pause_hidden_future_candidate_screened_explosion_self_destruct_standard_pieces,expert_replay_actual_move_weak_oracle,,,,,,,7/18,13/18,0,0,0,0,0,3,0,0,,,"docs/pokemon_mastery/quick_tests/replay_turn_pause_024_route_trade_threshold_smogtours-gen2ou-934148_2026-05-14.md","Smaller transfer probe: Toxic first vs Spikes first vs absorber pivot vs immediate Explosion into boosting Snorlax or active Electric"
route_trade_timing_probe_001_2026_05_14,2026-05-14,constructed_quick_probe,vanilla_gsc_policy,route_trade_timing_probe_001,6,unknown,unknown,constructed_nonblind_policy_regression,policy_answer_key,,,,,,,6/6_action_policy_hits,6/6_branch_bundle_hits,0,0,0,0,0,,0,0,,,"docs/pokemon_mastery/quick_tests/route_trade_timing_probe_001_2026-05-14.md","Fresh unseen replay segment with Cloyster or Forretress against boosting Snorlax; test route-trade timing ladder under real turn pressure"
replay_turn_pause_025_route_trade_timing_transfer_2026_05_14,2026-05-14,replay_turn_pause,vanilla_gsc_replay,smogtours-gen2ou-934874_turns_22_25_route_trade_timing_transfer,8,unknown,unknown,spectator_public_turn_pause_hidden_future_candidate_screened_route_trade_timing,expert_replay_actual_move_weak_oracle,,,,,,,4/8,6/8,0,0,0,0,0,22,0,0,,,"docs/pokemon_mastery/quick_tests/replay_turn_pause_025_route_trade_timing_transfer_smogtours-gen2ou-934874_2026-05-14.md","Final-gate regression: after Toxic and Spikes, choose Explosion vs preservation vs double-switch when absorber branch exists"
route_trade_final_gate_probe_001_2026_05_14,2026-05-14,constructed_quick_probe,vanilla_gsc_policy,route_trade_final_gate_probe_001,6,unknown,unknown,constructed_nonblind_policy_regression,policy_answer_key,,,,,,,6/6_action_policy_hits,6/6_branch_bundle_hits,0,0,0,0,0,,0,0,,,"docs/pokemon_mastery/quick_tests/route_trade_final_gate_probe_001_2026-05-14.md","Fresh replay or paused-turn segment where low exploder has already delivered support; test final-gate questions against automatic Explosion overcall"
replay_turn_pause_026_hazard_spinblock_transfer_2026_05_14,2026-05-14,replay_turn_pause,vanilla_gsc_replay,smogtours-gen2ou-934842_turns_1_15_hazard_spinblock_transfer,30,unknown,unknown,spectator_public_turn_pause_hidden_future_candidate_screened_final_gate_but_target_shifted_to_hazard_control,expert_replay_actual_move_weak_oracle,,,,,,,17/30,25/30,0,0,0,0,0,1,0,0,,,"docs/pokemon_mastery/quick_tests/replay_turn_pause_026_hazard_spinblock_transfer_smogtours-gen2ou-934842_2026-05-14.md","Fresh final-gate Explosion target or spinblock-transfer probe if next replay again shifts toward hazard control"
spinblock_route_probe_001_2026_05_14,2026-05-14,constructed_quick_probe,vanilla_gsc_policy,spinblock_route_probe_001,6,unknown,unknown,constructed_nonblind_policy_regression,policy_answer_key,,,,,,,6/6_action_policy_hits,6/6_branch_bundle_hits,0,0,0,0,0,,0,0,,,"docs/pokemon_mastery/quick_tests/spinblock_route_probe_001_2026-05-14.md","Fresh unseen replay segment with Spikes up, active spinner, and plausible Gengar or Misdreavus; test naming the spinblock branch before Rapid Spin"
replay_turn_pause_027_spinblock_transfer_2026_05_14,2026-05-14,replay_turn_pause,vanilla_gsc_replay,smogtours-gen2ou-934144_turns_4_12_spinblock_transfer,18,unknown,unknown,spectator_public_turn_pause_hidden_future_candidate_screened_spikes_spinblock_starmie_gengar,expert_replay_actual_move_weak_oracle,,,,,,,9/18,14/18,0,0,0,0,0,5,0,0,,,"docs/pokemon_mastery/quick_tests/replay_turn_pause_027_spinblock_transfer_smogtours-gen2ou-934144_2026-05-14.md","Fresh statused-spinner handoff replay segment; test Spikes vs Rapid Spin vs direct pressure after spinner is poisoned or paralyzed"
replay_turn_pause_028_statused_spinner_handoff_2026_05_14,2026-05-14,replay_turn_pause,vanilla_gsc_replay,smogtours-gen2ou-934149_turns_4_16_statused_spinner_handoff,26,unknown,unknown,spectator_public_turn_pause_hidden_future_candidate_screened_spikes_spin_status_handoff,expert_replay_actual_move_weak_oracle,,,,,,,13/26,16/26,0,0,0,0,0,5,0,0,,,"docs/pokemon_mastery/quick_tests/replay_turn_pause_028_statused_spinner_handoff_smogtours-gen2ou-934149_2026-05-14.md","Construct 6-scenario statused-spinner handoff regression: support mirror vs pressure handoff vs phaze/direct attack/delayed reset"
statused_spinner_handoff_probe_001_2026_05_14,2026-05-14,constructed_quick_probe,vanilla_gsc_policy,statused_spinner_handoff_probe_001,6,unknown,unknown,constructed_nonblind_policy_regression,policy_answer_key,,,,,,,6/6_action_policy_hits,6/6_branch_bundle_hits,0,0,0,0,0,,0,0,,,"docs/pokemon_mastery/quick_tests/statused_spinner_handoff_probe_001_2026-05-14.md","Fresh unseen replay segment with statused spinner or setter; test handoff checklist without overcorrecting away from necessary Spin or first-layer Spikes"
replay_turn_pause_029_spin_vs_setup_handoff_2026_05_14,2026-05-14,replay_turn_pause,vanilla_gsc_replay,smogtours-gen2ou-935409_turns_17_26_spin_vs_setup_handoff,18,unknown,unknown,spectator_public_turn_pause_hidden_future_candidate_screened_spikes_spin_status_handoff,expert_replay_actual_move_weak_oracle,,,,,,,5/18,8/18,0,0,0,0,0,17,0,0,,,"docs/pokemon_mastery/quick_tests/replay_turn_pause_029_spin_vs_setup_handoff_smogtours-gen2ou-935409_2026-05-14.md","Construct spin-vs-setup handoff regression: spinner can remove Spikes but pressure piece may prefer setup/attack/Rest/phaze/sacrifice over spinblock"
spin_vs_setup_handoff_probe_001_2026_05_14,2026-05-14,constructed_quick_probe,vanilla_gsc_policy,spin_vs_setup_handoff_probe_001,6,unknown,unknown,constructed_nonblind_policy_regression,policy_answer_key,,,,,,,6/6_action_policy_hits,6/6_branch_bundle_hits,0,0,0,0,0,,0,0,,,"docs/pokemon_mastery/quick_tests/spin_vs_setup_handoff_probe_001_2026-05-14.md","Fresh unseen replay segment with active spinner and live pressure piece; price both spinblock and pressure handoff without overcorrecting"
replay_turn_pause_030_spinblock_pressure_boundary_2026_05_14,2026-05-14,replay_turn_pause,vanilla_gsc_replay,smogtours-gen2ou-934312_turns_6_25_spinblock_pressure_boundary,39,unknown,unknown,spectator_public_turn_pause_hidden_future_candidate_screened_spikes_spin_pressure_boundary,expert_replay_actual_move_weak_oracle,,,,,,,20/39,27/39,0,0,0,0,0,8,0,0,,,"docs/pokemon_mastery/quick_tests/replay_turn_pause_030_spinblock_pressure_boundary_smogtours-gen2ou-934312_2026-05-14.md","Construct pressure-move taxonomy regression for hazard turns: direct damage, setup, Rest, phaze, sacrifice, and spinblock"
hazard_pressure_move_taxonomy_probe_001_2026_05_14,2026-05-14,constructed_quick_probe,vanilla_gsc_policy,hazard_pressure_move_taxonomy_probe_001,6,unknown,unknown,constructed_nonblind_policy_regression,policy_answer_key,,,,,,,6/6_action_policy_hits,6/6_branch_bundle_hits,0,0,0,0,0,,0,0,,,"docs/pokemon_mastery/quick_tests/hazard_pressure_move_taxonomy_probe_001_2026-05-14.md","Fresh unseen replay segment with hazard-control turn; score six-class pressure taxonomy before reveal"
replay_turn_pause_031_hazard_pressure_taxonomy_transfer_2026_05_14,2026-05-14,replay_turn_pause,vanilla_gsc_replay,smogtours-gen2ou-866835_turns_1_25_hazard_pressure_taxonomy_transfer,50,unknown,unknown,spectator_public_turn_pause_hidden_future_broad_count_candidate_screened_spikes_spin_starmie_misdreavus_cloyster,expert_replay_actual_move_weak_oracle,,,,,,,25/50,32/50,0,0,0,0,0,1,0,0,,,"docs/pokemon_mastery/quick_tests/replay_turn_pause_031_hazard_pressure_taxonomy_transfer_smogtours-gen2ou-866835_2026-05-14.md","Construct or run spin-vs-damage boundary probe: direct damage vs clean Rapid Spin after Ghost/Blissey branch pricing"
spin_vs_damage_boundary_probe_001_2026_05_14,2026-05-14,constructed_quick_probe,vanilla_gsc_policy,spin_vs_damage_boundary_probe_001,6,unknown,unknown,constructed_nonblind_policy_regression,policy_answer_key,,,,,,,6/6_action_policy_hits,6/6_branch_bundle_hits,0,0,0,0,0,,0,0,,,"docs/pokemon_mastery/quick_tests/spin_vs_damage_boundary_probe_001_2026-05-14.md","Fresh unseen replay segment with Starmie or Cloyster active; score direct damage vs clean Rapid Spin vs status vs Ghost entry before reveal"
replay_turn_pause_032_spin_vs_damage_boundary_transfer_2026_05_14,2026-05-14,replay_turn_pause,vanilla_gsc_replay,smogtours-gen2ou-852072_turns_21_34_spin_vs_damage_boundary_transfer,27,unknown,unknown,spectator_public_turn_pause_hidden_future_limited_count_screened_spikes_spin_starmie_cloyster_only,expert_replay_actual_move_weak_oracle,,,,,,,13/27,17/27,0,0,0,0,0,21,0,0,,,"docs/pokemon_mastery/quick_tests/replay_turn_pause_032_spin_vs_damage_boundary_transfer_smogtours-gen2ou-852072_2026-05-14.md","Construct poison-clock spin-loop probe: repeat Rapid Spin vs Surf KO threshold after poisoned Cloyster resets Spikes"
poison_clock_spin_loop_probe_001_2026_05_14,2026-05-14,constructed_quick_probe,vanilla_gsc_policy,poison_clock_spin_loop_probe_001,6,unknown,unknown,constructed_nonblind_policy_regression,policy_answer_key,,,,,,,6/6_action_policy_hits,6/6_branch_bundle_hits,0,0,0,0,0,,0,0,,,"docs/pokemon_mastery/quick_tests/poison_clock_spin_loop_probe_001_2026-05-14.md","Fresh replay or quick probe with unlabeled Starmie/Cloyster HP bands and one false KO range; score threshold check before Surf or Rapid Spin"
poison_clock_spin_loop_unlabeled_probe_001_2026_05_14,2026-05-14,constructed_quick_probe,vanilla_gsc_policy,poison_clock_spin_loop_unlabeled_probe_001,6,unknown,unknown,constructed_unlabeled_regression_false_ko_range,policy_answer_key,,,,,,,6/6_action_policy_hits,6/6_threshold_check_hits,0,0,0,0,0,,0,0,,,"docs/pokemon_mastery/quick_tests/poison_clock_spin_loop_unlabeled_probe_001_2026-05-14.md","Fresh replay transfer with unlabeled Starmie/Cloyster spin-loop; include false KO range and score threshold call before Surf or Rapid Spin"
replay_turn_pause_033_pressure_handoff_after_spin_2026_05_14,2026-05-14,replay_turn_pause,vanilla_gsc_replay,smogtours-gen2ou-934324_turns_15_23_36_41_46_51_pressure_handoff_after_spin,41,unknown,unknown,spectator_public_turn_pause_hidden_future_count_screened_selected_public_state_metadata_after_scoring,expert_replay_actual_move_weak_oracle,,,,,,,24/41,28/41,0,0,2,0,0,15,0,0,,,"docs/pokemon_mastery/quick_tests/replay_turn_pause_033_pressure_handoff_after_spin_smogtours-gen2ou-934324_2026-05-14.md","Construct pressure-handoff-after-spin probe: allow Spin into Zapdos pressure; reset Spikes on Resting Snorlax; cash out spent Cloyster with Explosion"
pressure_handoff_after_spin_probe_001_2026_05_14,2026-05-14,constructed_quick_probe,vanilla_gsc_policy,pressure_handoff_after_spin_probe_001,6,unknown,unknown,constructed_nonblind_policy_regression,policy_answer_key,,,,,,,6/6_action_policy_hits,6/6_branch_bundle_hits,0,0,0,0,0,,0,0,,,"docs/pokemon_mastery/quick_tests/pressure_handoff_after_spin_probe_001_2026-05-14.md","Fresh replay transfer with unlabeled Starmie hazard-control turns; score Spin-block vs allow-Spin pressure handoff vs Snorlax reset vs Cloyster Explosion cash-out"
replay_turn_pause_034_sleep_clause_wake_cashout_transfer_2026_05_14,2026-05-14,replay_turn_pause,vanilla_gsc_replay,smogtours-gen2ou-934415_turns_17_20_sleep_clause_wake_cashout_transfer,7,unknown,unknown,spectator_public_turn_pause_hidden_future_count_screened_sleep_status_one_prompt_boundary,expert_replay_actual_move_weak_oracle,,,,,,,4/7,5/7,0,0,0,0,0,17,0,0,,,"docs/pokemon_mastery/quick_tests/replay_turn_pause_034_sleep_clause_wake_cashout_transfer_smogtours-gen2ou-934415_2026-05-14.md","Fresh unlabeled Starmie/Cloyster hazard-control transfer; score pressure handoff vs spinblock/reset/cashout without lesson labels"
replay_turn_pause_035_unlabeled_hazard_cashout_transfer_2026_05_14,2026-05-14,replay_turn_pause,vanilla_gsc_replay,smogtours-gen2ou-933816_turns_13_20_unlabeled_hazard_cashout_transfer,16,unknown,unknown,spectator_public_turn_pause_hidden_future_broad_count_screened_discarded_contaminated_932611_933818,expert_replay_actual_move_weak_oracle,,,,,,,6/16,9/16,1,0,0,0,0,13,0,0,,,"docs/pokemon_mastery/quick_tests/replay_turn_pause_035_unlabeled_hazard_cashout_transfer_smogtours-gen2ou-933816_2026-05-14.md","Construct explosion-absorber resource probe: sleeping anchor vs spinner vs hazard setter, then retest low-pressure Rapid Spin windows"
explosion_absorber_resource_probe_001_2026_05_14,2026-05-14,constructed_quick_probe,vanilla_gsc_policy,explosion_absorber_resource_probe_001,6,unknown,unknown,constructed_nonblind_policy_regression,policy_answer_key,,,,,,,6/6_action_policy_hits,6/6_resource_ranking_hits,0,0,0,0,0,,0,0,,,"docs/pokemon_mastery/quick_tests/explosion_absorber_resource_probe_001_2026-05-14.md","Fresh replay at first self-KO threat; score absorber selection before reveal and low-pressure Rapid Spin window transfer"
replay_turn_pause_036_selfko_absorber_transfer_2026_05_14,2026-05-14,replay_turn_pause,vanilla_gsc_replay,smogtours-gen2ou-932597_turns_6_27_selfko_absorber_transfer,23,unknown,unknown,spectator_public_turn_pause_hidden_future_broad_count_screened_no_future_state_printed,expert_replay_actual_move_weak_oracle,,,,,,,17/23,19/23,0,0,0,0,0,13,0,0,,,"docs/pokemon_mastery/quick_tests/replay_turn_pause_036_selfko_absorber_transfer_smogtours-gen2ou-932597_2026-05-14.md","Fresh replay segment with low support Pokemon under pressure; score support vs preservation switch vs self-KO trade"
replay_turn_pause_037_low_support_pressure_2026_05_14,2026-05-14,replay_turn_pause,vanilla_gsc_replay,smogtours-gen2ou-931699_turns_14_22_51_53_low_support_pressure,24,unknown,unknown,spectator_public_turn_pause_hidden_future_broad_count_screened_no_future_state_printed_turn51_number_only,expert_replay_actual_move_weak_oracle,,,,,,,12/24,14/24,0,0,0,0,0,14,0,0,,,"docs/pokemon_mastery/quick_tests/replay_turn_pause_037_low_support_pressure_smogtours-gen2ou-931699_2026-05-14.md","Run unlabeled sleep-clause absorber probe: switch sleeper out vs Sleep Talk vs attack vs sacrifice"
replay_turn_pause_038_sleep_clause_overcorrection_2026_05_14,2026-05-14,replay_turn_pause,vanilla_gsc_replay,smogtours-gen2ou-934314_turns_32_38_sleep_clause_overcorrection,14,unknown,unknown,spectator_public_turn_pause_hidden_future_metadata_screened_excluded_grep_exposed_replays,expert_replay_actual_move_weak_oracle,,,,,,,8/14,11/14,0,0,0,0,0,32,0,0,,,"docs/pokemon_mastery/quick_tests/replay_turn_pause_038_sleep_clause_overcorrection_smogtours-gen2ou-934314_2026-05-14.md","Run unlabeled four-choice probe: slept support switch-out vs boosted sleeper stay vs Sleep Talk vs cash-out threshold"
sleep_clause_four_choice_probe_001_2026_05_14,2026-05-14,constructed_quick_probe,vanilla_gsc_policy,sleep_clause_four_choice_probe_001,8,unknown,unknown,constructed_nonblind_policy_regression,policy_answer_key,,,,,,,8/8_action_policy_hits,8/8_route_job_hits,0,0,0,0,0,,0,0,,,"docs/pokemon_mastery/quick_tests/sleep_clause_four_choice_probe_001_2026-05-14.md","Fresh replay transfer with same four-choice sleeper classification under Explosion/phaze/boost pressure"
replay_turn_pause_039_sleep_talk_pursuit_transfer_2026_05_14,2026-05-14,replay_turn_pause,vanilla_gsc_replay,smogtours-gen2ou-931710_turns_13_27_sleep_talk_pursuit_transfer,29,unknown,unknown,spectator_public_turn_pause_hidden_future_metadata_screened_excluded_recent_exposed_candidates,expert_replay_actual_move_weak_oracle,,,,,,,9/29,15/29,0,0,0,0,0,13,0,0,,,"docs/pokemon_mastery/quick_tests/replay_turn_pause_039_sleep_talk_pursuit_transfer_smogtours-gen2ou-931710_2026-05-14.md","Fresh replay segment with trap/phaze/spin branch; score whether chosen move actually covers named worst branch"
replay_turn_pause_040_branch_coverage_spin_phaze_2026_05_14,2026-05-14,replay_turn_pause,vanilla_gsc_replay,smogtours-gen2ou-931130_turns_5_20_branch_coverage_spin_phaze,32,unknown,unknown,spectator_public_turn_pause_hidden_future_route_move_metadata_screened_excluded_contaminated_934420,expert_replay_actual_move_weak_oracle,,,,,,,10/32,18/32,0,0,0,0,0,5,0,0,,,"docs/pokemon_mastery/quick_tests/replay_turn_pause_040_branch_coverage_spin_phaze_smogtours-gen2ou-931130_2026-05-14.md","Build branch-coverage regression: clean Spin, reset Spikes, Roar into spinblocker, punish Ghost, low-resource sack, priced Explosion trade"
branch_coverage_spin_phaze_probe_001_2026_05_14,2026-05-14,constructed_quick_probe,vanilla_gsc_policy,branch_coverage_spin_phaze_probe_001,6,unknown,unknown,constructed_nonblind_policy_regression,policy_answer_key,,,,,,,6/6_action_policy_hits,6/6_branch_coverage_hits,0,0,0,0,0,,0,0,,,"docs/pokemon_mastery/quick_tests/branch_coverage_spin_phaze_probe_001_2026-05-14.md","Fresh replay transfer with branch-coverage scoring; stop if named-punish-but-uncovered-action recurs twice"
replay_turn_pause_041_branch_coverage_transfer_2026_05_14,2026-05-14,replay_turn_pause,vanilla_gsc_replay,smogtours-gen2ou-931101_turns_54_60_branch_coverage_transfer,14,unknown,unknown,spectator_public_turn_pause_hidden_future_route_move_metadata_screened_excluded_contaminated_934420,expert_replay_actual_move_weak_oracle,,,,,,,5/14,8/14,0,0,0,0,0,55,0,0,,,"docs/pokemon_mastery/quick_tests/replay_turn_pause_041_branch_coverage_transfer_smogtours-gen2ou-931101_2026-05-14.md","Construct named-pivot coverage micro-probe: Snorlax pivot, Misdreavus immune pivot, Skarmory/Forretress Fire Blast pivot"
named_pivot_coverage_probe_001_2026_05_14,2026-05-14,constructed_quick_probe,vanilla_gsc_policy,named_pivot_coverage_probe_001,3,unknown,unknown,constructed_nonblind_policy_regression,policy_answer_key,,,,,,,3/3_action_policy_hits,3/3_named_pivot_coverage_hits,0,0,0,0,0,,0,0,,,"docs/pokemon_mastery/quick_tests/named_pivot_coverage_probe_001_2026-05-14.md","Fresh replay transfer with named-pivot coverage column: selected action affects pivot yes/no"
replay_turn_pause_042_named_pivot_transfer_2026_05_14,2026-05-14,replay_turn_pause,vanilla_gsc_replay,smogtours-gen2ou-931095_turns_5_11_named_pivot_transfer,14,unknown,unknown,spectator_public_turn_pause_hidden_future_route_move_metadata_screened_turn4_unscored,expert_replay_actual_move_weak_oracle,,,,,,,4/14,7/14,0,0,0,0,0,5,0,0,,,"docs/pokemon_mastery/quick_tests/replay_turn_pause_042_named_pivot_transfer_smogtours-gen2ou-931095_2026-05-14.md","Fresh four-p1-decision transfer with forced named-pivot check before reveal; if below 3/4, build stricter answer template"
replay_turn_pause_043_named_pivot_gate_transfer_2026_05_14,2026-05-14,replay_turn_pause,vanilla_gsc_replay,smogtours-gen2ou-930771_turns_5_8_named_pivot_gate_transfer,8,unknown,unknown,spectator_public_turn_pause_hidden_future_route_move_metadata_screened_four_p1_decisions,expert_replay_actual_move_weak_oracle,,,,,,,3/8,5/8,0,0,0,0,0,5,0,0,,,"docs/pokemon_mastery/quick_tests/replay_turn_pause_043_named_pivot_gate_transfer_smogtours-gen2ou-930771_2026-05-14.md","Fresh four-decision replay transfer with named-pivot gate plus active-target-still-bigger check"
replay_turn_pause_044_active_target_after_pivot_gate_2026_05_14,2026-05-14,replay_turn_pause,vanilla_gsc_replay,smogtours-gen2ou-929268_turns_3_6_active_target_after_pivot_gate,8,unknown,unknown,spectator_public_turn_pause_hidden_future_route_move_metadata_screened_turn2_quarantined,expert_replay_actual_move_weak_oracle,,,,,,,4/8,6/8,0,0,0,0,0,3,0,0,,,"docs/pokemon_mastery/quick_tests/replay_turn_pause_044_active_target_after_pivot_gate_smogtours-gen2ou-929268_2026-05-14.md","Build pivot-progress regression: double when active attack is easy to cover; stay active when setup/status improves through expected response"
pivot_progress_after_gate_probe_001_2026_05_14,2026-05-14,constructed_quick_probe,vanilla_gsc_policy,pivot_progress_after_gate_probe_001,4,unknown,unknown,constructed_nonblind_policy_regression,policy_answer_key,,,,,,,4/4_action_policy_hits,4/4_pivot_progress_classification_hits,0,0,0,0,0,,0,0,,,"docs/pokemon_mastery/quick_tests/pivot_progress_after_gate_probe_001_2026-05-14.md","Fresh replay transfer with classification column: active attack / active progress / double / route denial / side-known answer"
replay_turn_pause_045_sleep_clause_clamp_explosion_growth_2026_05_14,2026-05-14,replay_turn_pause,vanilla_gsc_replay,smogtours-gen2ou-927169_turns_13_18_sleep_clause_clamp_explosion_growth,10,unknown,unknown,spectator_public_turn_pause_hidden_future_route_move_metadata_screened_sleep_no_action_turns_unscored,expert_replay_actual_move_weak_oracle,,,,,,,6/10,7/10,0,0,0,0,0,13,0,0,,,"docs/pokemon_mastery/quick_tests/replay_turn_pause_045_sleep_clause_clamp_explosion_growth_smogtours-gen2ou-927169_2026-05-14.md","Fresh short transfer on special attacker versus special-wall pivot: direct damage vs setup/status vs double"
replay_turn_pause_046_special_wall_pivot_ladder_2026_05_14,2026-05-14,replay_turn_pause,vanilla_gsc_replay,smogtours-gen2ou-925777_turns_3_12_special_wall_pivot_ladder,20,unknown,unknown,spectator_public_turn_pause_hidden_future_route_move_metadata_screened_side_known_switches_marked,expert_replay_actual_move_weak_oracle,,,,,,,7/20,10/20,0,0,0,0,0,4,0,0,,,"docs/pokemon_mastery/quick_tests/replay_turn_pause_046_special_wall_pivot_ladder_smogtours-gen2ou-925777_2026-05-14.md","Construct pivot ladder regression: absorber double, coverage into wall, hazards before cash-out, Roar before Explosion"
special_wall_pivot_ladder_probe_001_2026_05_14,2026-05-14,constructed_quick_probe,vanilla_gsc_policy,special_wall_pivot_ladder_probe_001,4,unknown,unknown,constructed_nonblind_policy_regression,policy_answer_key,,,,,,,4/4_action_policy_hits,4/4_classification_hits,0,0,0,0,0,,0,0,,,"docs/pokemon_mastery/quick_tests/special_wall_pivot_ladder_probe_001_2026-05-14.md","Fresh replay transfer with same ladder; stop after first two misses"
replay_turn_pause_047_special_wall_pivot_ladder_transfer_2026_05_14,2026-05-14,replay_turn_pause,vanilla_gsc_replay,smogtours-gen2ou-925686_turns_2_7_special_wall_pivot_ladder_transfer,11,unknown,unknown,spectator_public_turn_pause_hidden_future_route_move_metadata_screened_stop_after_two_misses,expert_replay_actual_move_weak_oracle,,,,,,,5/11,8/11,0,0,0,0,0,5,0,0,,,"docs/pokemon_mastery/quick_tests/replay_turn_pause_047_special_wall_pivot_ladder_transfer_smogtours-gen2ou-925686_2026-05-14.md","Construct regression: Toxic before Spikes; damage before setup into pivot; coverage before Thunder into Steelix branch"
forced_switch_pivot_damage_probe_001_2026_05_14,2026-05-14,constructed_quick_probe,vanilla_gsc_policy,forced_switch_pivot_damage_probe_001,4,unknown,unknown,constructed_nonblind_policy_regression,policy_answer_key,,,,,,,4/4_action_policy_hits,4/4_classification_hits,0,0,0,0,0,,0,0,,,"docs/pokemon_mastery/quick_tests/forced_switch_pivot_damage_probe_001_2026-05-14.md","Fresh replay transfer with checklist: status before hazard; damage before setup into punishing pivot; coverage into Ground/Steel branch"
replay_turn_pause_048_hard_answer_before_status_2026_05_14,2026-05-14,replay_turn_pause,vanilla_gsc_replay,smogtours-gen2ou-924922_turns_1_3_hard_answer_before_status,6,unknown,unknown,spectator_public_turn_pause_hidden_future_route_move_metadata_screened_stop_after_two_misses,expert_replay_actual_move_weak_oracle,,,,,,,2/6,4/6,0,0,0,0,0,2,0,0,,,"docs/pokemon_mastery/quick_tests/replay_turn_pause_048_hard_answer_before_status_smogtours-gen2ou-924922_2026-05-14.md","Construct hard-answer exception regression: Skarmory before Toxic after Spikes; counter-setup before phaze if no coverage revealed"
hard_answer_before_status_probe_001_2026_05_14,2026-05-14,constructed_quick_probe,vanilla_gsc_policy,hard_answer_before_status_probe_001,3,unknown,unknown,constructed_nonblind_policy_regression,policy_answer_key,,,,,,,3/3_action_policy_hits,3/3_classification_hits,0,0,0,0,0,,0,0,,,"docs/pokemon_mastery/quick_tests/hard_answer_before_status_probe_001_2026-05-14.md","Fresh replay transfer with clean-answer exception; stop after first two misses"
replay_turn_pause_049_coverage_reveal_absorber_2026_05_14,2026-05-14,replay_turn_pause,vanilla_gsc_replay,smogtours-gen2ou-924921_turns_5_6_coverage_reveal_absorber,4,unknown,unknown,spectator_public_turn_pause_hidden_future_route_move_metadata_screened_stop_after_target_miss,expert_replay_actual_move_weak_oracle,,,,,,,1/4,2/4,0,0,0,0,0,5,0,0,,,"docs/pokemon_mastery/quick_tests/replay_turn_pause_049_coverage_reveal_absorber_smogtours-gen2ou-924921_2026-05-14.md","Construct coverage-reveal absorber regression: Fire Blast invalidates hard answer; Spikes before Explosion; sleeping absorber preserves Snorlax"
coverage_reveal_absorber_probe_001_2026_05_14,2026-05-14,constructed_quick_probe,vanilla_gsc_policy,coverage_reveal_absorber_probe_001,3,unknown,unknown,constructed_nonblind_policy_regression,policy_answer_key,,,,,,,3/3_action_policy_hits,3/3_classification_hits,0,0,0,0,0,,0,0,,,"docs/pokemon_mastery/quick_tests/coverage_reveal_absorber_probe_001_2026-05-14.md","Fresh replay transfer with clean-answer plus coverage-reveal branches"
replay_turn_pause_050_lead_trade_support_coverage_2026_05_14,2026-05-14,replay_turn_pause,vanilla_gsc_replay,smogtours-gen2ou-924499_turns_1_4_lead_trade_support_coverage,8,unknown,unknown,spectator_public_turn_pause_hidden_future_route_move_metadata_screened_species_from_public_initial_switches,expert_replay_actual_move_weak_oracle,,,,,,,2/8,4/8,0,0,0,0,0,1,0,0,,,"docs/pokemon_mastery/quick_tests/replay_turn_pause_050_lead_trade_support_coverage_smogtours-gen2ou-924499_2026-05-14.md","Fresh clean-answer plus coverage-reveal transfer with added support-mirror coverage classification"
replay_turn_pause_051_support_entry_explosion_absorber_2026_05_14,2026-05-14,replay_turn_pause,vanilla_gsc_replay,smogtours-gen2ou-923748_turns_2_4_support_entry_explosion_absorber,6,unknown,unknown,spectator_public_turn_pause_hidden_future_route_move_metadata_screened_side_known_ghost_absorber_marked,expert_replay_actual_move_weak_oracle,,,,,,,4/6,5/6,0,0,0,0,0,2,0,0,,,"docs/pokemon_mastery/quick_tests/replay_turn_pause_051_support_entry_explosion_absorber_smogtours-gen2ou-923748_2026-05-14.md","Construct support-entry / Explosion-absorber regression: support seat before hard answer; Ghost absorbs low Cloyster Explosion"
support_entry_explosion_absorber_probe_001_2026_05_14,2026-05-14,constructed_quick_probe,vanilla_gsc_policy,support_entry_explosion_absorber_probe_001,3,unknown,unknown,constructed_nonblind_policy_regression,policy_answer_key,,,,,,,3/3_action_policy_hits,3/3_classification_hits,0,0,0,0,0,,0,0,,,"docs/pokemon_mastery/quick_tests/support_entry_explosion_absorber_probe_001_2026-05-14.md","Fresh replay transfer with support-entry support-coverage and Explosion absorber classifications together"
replay_turn_pause_052_lovely_kiss_snorlax_sleep_pivot_2026_05_14,2026-05-14,replay_turn_pause,vanilla_gsc_replay,smogtours-gen2ou-923076_turns_1_9_lovely_kiss_snorlax_sleep_pivot,18,unknown,unknown,spectator_public_turn_pause_hidden_future_metadata_screened_side_known_conditionals_marked,expert_replay_actual_move_weak_oracle,,,,,,,11/18,12/18,0,0,0,0,0,1,0,0,,,"docs/pokemon_mastery/quick_tests/replay_turn_pause_052_lovely_kiss_snorlax_sleep_pivot_smogtours-gen2ou-923076_2026-05-14.md","Construct unassigned-sleep-source and Snorlax damage/recoil pricing regression"
unassigned_sleep_source_snorlax_pricing_probe_001_2026_05_14,2026-05-14,constructed_quick_probe,vanilla_gsc_policy,unassigned_sleep_source_snorlax_pricing_probe_001,4,unknown,unknown,constructed_nonblind_policy_regression,policy_answer_key,,,,,,,4/4_action_policy_hits,4/4_classification_hits,0,0,0,0,0,,0,0,,,"docs/pokemon_mastery/quick_tests/unassigned_sleep_source_snorlax_pricing_probe_001_2026-05-14.md","Fresh replay transfer focused on unassigned sleep source post-sleep doubles and damage/recoil pricing into Snorlax"
replay_turn_pause_053_curselax_phaze_cashout_2026_05_14,2026-05-14,replay_turn_pause,vanilla_gsc_replay,smogtours-gen2ou-922830_turns_1_5_7_12_curselax_phaze_cashout,22,unknown,unknown,spectator_public_turn_pause_hidden_future_metadata_screened_turn6_unscored_incomplete_freeze,expert_replay_actual_move_weak_oracle,,,,,,,11/22,15/22,0,0,0,0,0,1,0,0,,,"docs/pokemon_mastery/quick_tests/replay_turn_pause_053_curselax_phaze_cashout_smogtours-gen2ou-922830_2026-05-14.md","Construct Snorlax set-ambiguity and Toxic-to-phaze-before-Explosion regression"
snorlax_set_ambiguity_phaze_cashout_probe_001_2026_05_14,2026-05-14,constructed_quick_probe,vanilla_gsc_policy,snorlax_set_ambiguity_phaze_cashout_probe_001,5,unknown,unknown,constructed_nonblind_policy_regression,policy_answer_key,,,,,,,5/5_action_policy_hits,5/5_classification_hits,0,0,0,0,0,,0,0,,,"docs/pokemon_mastery/quick_tests/snorlax_set_ambiguity_phaze_cashout_probe_001_2026-05-14.md","Fresh replay transfer focused on Snorlax set ambiguity support status before cash-out and RestTalk inference"
replay_turn_pause_054_hazard_loop_spin_window_2026_05_14,2026-05-14,replay_turn_pause,vanilla_gsc_replay,smogtours-gen2ou-922676_turns_1_10_hazard_loop_spin_window,20,unknown,unknown,spectator_public_turn_pause_hidden_future_metadata_screened_public_pre_turn1_species_only,expert_replay_actual_move_weak_oracle,,,,,,,10/20,12/20,0,0,0,0,0,1,0,0,,,"docs/pokemon_mastery/quick_tests/replay_turn_pause_054_hazard_loop_spin_window_smogtours-gen2ou-922676_2026-05-14.md","Construct hazard-loop Spin-window regression after support-cash-out threat"
hazard_loop_spin_window_probe_001_2026_05_14,2026-05-14,constructed_quick_probe,vanilla_gsc_policy,hazard_loop_spin_window_probe_001,4,unknown,unknown,constructed_nonblind_policy_regression,policy_answer_key,,,,,,,4/4_action_policy_hits,4/4_classification_hits,0,0,0,0,0,,0,0,,,"docs/pokemon_mastery/quick_tests/hazard_loop_spin_window_probe_001_2026-05-14.md","Fresh replay transfer focused on hazard-loop Spin windows after support-cash-out threats"
replay_turn_pause_055_low_cloyster_preserve_ghost_pivot_2026_05_14,2026-05-14,replay_turn_pause,vanilla_gsc_replay,smogtours-gen2ou-922579_turns_1_6_low_cloyster_preserve_ghost_pivot,12,unknown,unknown,spectator_public_turn_pause_hidden_future_metadata_screened_public_pre_turn1_species_only,expert_replay_actual_move_weak_oracle,,,,,,,4/12,7/12,0,0,0,0,0,1,0,0,,,"docs/pokemon_mastery/quick_tests/replay_turn_pause_055_low_cloyster_preserve_ghost_pivot_smogtours-gen2ou-922579_2026-05-14.md","Construct low-support preservation before cash-out regression"
low_support_preserve_before_cashout_probe_001_2026_05_14,2026-05-14,constructed_quick_probe,vanilla_gsc_policy,low_support_preserve_before_cashout_probe_001,4,unknown,unknown,constructed_nonblind_policy_regression,policy_answer_key,,,,,,,4/4_action_policy_hits,4/4_classification_hits,0,0,0,0,0,,0,0,,,"docs/pokemon_mastery/quick_tests/low_support_preserve_before_cashout_probe_001_2026-05-14.md","Fresh replay transfer focused on low-support preservation before cash-out"
replay_turn_pause_056_immediate_route_trade_converter_2026_05_14,2026-05-14,replay_turn_pause,vanilla_gsc_replay,smogtours-gen2ou-922569_turns_1_5_immediate_route_trade_converter,9,unknown,unknown,spectator_public_turn_pause_hidden_future_metadata_screened_public_pre_turn1_species_only_turn3_p2_unscored,expert_replay_actual_move_weak_oracle,,,,,,,4/9,6/9,0,0,0,0,0,1,0,0,,,"docs/pokemon_mastery/quick_tests/replay_turn_pause_056_immediate_route_trade_converter_smogtours-gen2ou-922569_2026-05-14.md","Construct cash-out boundary regression: low-support preservation versus immediate converter-defined Explosion"
cashout_boundary_converter_probe_001_2026_05_14,2026-05-14,constructed_quick_probe,vanilla_gsc_policy,cashout_boundary_converter_probe_001,4,unknown,unknown,constructed_nonblind_policy_regression,policy_answer_key,,,,,,,4/4_action_policy_hits,4/4_classification_hits,0,0,0,0,0,,0,0,,,"docs/pokemon_mastery/quick_tests/cashout_boundary_converter_probe_001_2026-05-14.md","Fresh replay transfer on cash-out boundary low-support preservation versus immediate converter-defined Explosion"
replay_turn_pause_057_sleep_absorber_trade_handoff_2026_05_14,2026-05-14,replay_turn_pause,vanilla_gsc_replay,smogtours-gen2ou-922568_turns_1_7_sleep_absorber_trade_handoff,14,unknown,unknown,spectator_public_turn_pause_hidden_future_metadata_screened_public_pre_turn1_species_only,expert_replay_actual_move_weak_oracle,,,,,,,7/14,10/14,0,0,0,0,0,2,0,0,,,"docs/pokemon_mastery/quick_tests/replay_turn_pause_057_sleep_absorber_trade_handoff_smogtours-gen2ou-922568_2026-05-14.md","Construct mixed cash-out regression: set ambiguity sleeper preservation absorber selection and support handoff"
mixed_cashout_sleep_handoff_probe_001_2026_05_14,2026-05-14,constructed_quick_probe,vanilla_gsc_policy,mixed_cashout_sleep_handoff_probe_001,4,unknown,unknown,constructed_nonblind_policy_regression,policy_answer_key,,,,,,,4/4_action_policy_hits,4/4_classification_hits,0,0,0,0,0,,0,0,,,"docs/pokemon_mastery/quick_tests/mixed_cashout_sleep_handoff_probe_001_2026-05-14.md","Fresh replay transfer on mixed cash-out decisions set ambiguity sleeper preservation absorber selection and support handoff"
replay_turn_pause_058_rest_sleeper_handoff_2026_05_14,2026-05-14,replay_turn_pause,vanilla_gsc_replay,gen2ou-2595967411_turns_1_12_rest_sleeper_handoff,23,unknown,unknown,spectator_public_turn_pause_semi_blind_candidate_screened_keyword_presence_public_prompts,expert_replay_actual_move_weak_oracle,,,,,,,5/23,9/23,0,0,0,0,0,1,0,0,,,"docs/pokemon_mastery/quick_tests/replay_turn_pause_058_rest_sleeper_handoff_gen2ou-2595967411_2026-05-14.md","Fresh regression on voluntary-entry intent Gengar over-cash sleep/status over-script and Rest sleeper handoff"
rest_sleeper_handoff_probe_001_2026_05_14,2026-05-14,constructed_quick_probe,vanilla_gsc_policy,rest_sleeper_handoff_probe_001,3,unknown,unknown,constructed_nonblind_policy_regression,policy_answer_key,,,,,,,3/3_action_policy_hits,3/3_classification_hits,0,0,0,0,0,,0,0,,,"docs/pokemon_mastery/quick_tests/rest_sleeper_handoff_probe_001_2026-05-14.md","Transfer next to a fresh no-keyword-screen replay on voluntary-entry intent non-Explosion pressure and Rest sleeper handoff"
replay_turn_pause_059_rest_phaze_status_2026_05_14,2026-05-14,replay_turn_pause,vanilla_gsc_replay,smogtours-gen2ou-888483_turns_5_14_rest_phaze_status,18,unknown,unknown,spectator_public_turn_pause_no_keyword_screen_turns_1_4_quarantined_for_nickname_species_mapping,expert_replay_actual_move_weak_oracle,,,,,,,5/18,7/18,0,0,1,0,0,6,0,0,,,"docs/pokemon_mastery/quick_tests/replay_turn_pause_059_rest_phaze_status_smogtours-gen2ou-888483_2026-05-14.md","Phaze-loop undercommitment sleep status absorber reuse and Rest wake tracking"
phaze_loop_rest_timing_probe_001_2026_05_14,2026-05-14,constructed_quick_probe,vanilla_gsc_policy,phaze_loop_rest_timing_probe_001,4,unknown,unknown,constructed_nonblind_policy_regression,policy_answer_key,,,,,,,4/4_action_policy_hits,4/4_classification_hits,0,0,0,0,0,,0,0,,,"docs/pokemon_mastery/quick_tests/phaze_loop_rest_timing_probe_001_2026-05-14.md","Transfer next to a fresh no-keyword-screen replay using fixed species prompts on phaze-loop commitment versus first real breaker"
replay_turn_pause_060_fixed_helper_phaze_transfer_2026_05_14,2026-05-14,replay_turn_pause,vanilla_gsc_replay,smogtours-gen2ou-912658_turns_1_13_fixed_helper_phaze_transfer,26,unknown,unknown,spectator_public_turn_pause_no_keyword_screen_fixed_species_prompt_helper,expert_replay_actual_move_weak_oracle,,,,,,,7/26,13/26,0,0,0,0,0,2,0,0,,,"docs/pokemon_mastery/quick_tests/replay_turn_pause_060_fixed_helper_phaze_transfer_smogtours-gen2ou-912658_2026-05-14.md","Partial phaze-loop transfer with remaining active-damage underpricing over-cash and status over-script errors"
active_pressure_status_script_probe_001_2026_05_14,2026-05-14,constructed_quick_probe,vanilla_gsc_policy,active_pressure_status_script_probe_001,4,unknown,unknown,constructed_nonblind_policy_regression,policy_answer_key,,,,,,,4/4_action_policy_hits,4/4_classification_hits,0,0,0,0,0,,0,0,,,"docs/pokemon_mastery/quick_tests/active_pressure_status_script_probe_001_2026-05-14.md","Transfer next to a fresh no-keyword-screen replay on active pressure before status Explosion or pivot scripts"
replay_turn_pause_061_active_pressure_transfer_2026_05_14,2026-05-14,replay_turn_pause,vanilla_gsc_replay,smogtours-gen2ou-911263_turns_1_9_active_pressure_transfer,18,unknown,unknown,spectator_public_turn_pause_no_keyword_screen_fixed_species_prompt_helper,expert_replay_actual_move_weak_oracle,,,,,,,6/18,9/18,0,0,0,0,0,2,0,0,,,"docs/pokemon_mastery/quick_tests/replay_turn_pause_061_active_pressure_transfer_smogtours-gen2ou-911263_2026-05-14.md","Repeated active-damage underpricing: Snorlax pressure into Cloyster and Forretress through support branches"
active_damage_persistence_probe_001_2026_05_14,2026-05-14,constructed_quick_probe,vanilla_gsc_policy,active_damage_persistence_probe_001,4,unknown,unknown,constructed_nonblind_policy_regression,policy_answer_key,,,,,,,4/4_action_policy_hits,4/4_classification_hits,0,0,0,0,0,,0,0,,,"docs/pokemon_mastery/quick_tests/active_damage_persistence_probe_001_2026-05-14.md","Transfer next to a fresh no-keyword-screen replay on whether the next hit changes a support piece's job before pivot status phaze or cash-out"
replay_turn_pause_062_active_damage_branch_action_2026_05_14,2026-05-14,replay_turn_pause,vanilla_gsc_replay,smogtours-gen2ou-911268_turns_1_13_active_damage_branch_action,26,unknown,unknown,spectator_public_turn_pause_no_keyword_screen_fixed_species_prompt_helper,expert_replay_actual_move_weak_oracle,,,,,,,9/26,13/26,0,0,0,0,0,1,0,0,,,"docs/pokemon_mastery/quick_tests/replay_turn_pause_062_active_damage_branch_action_smogtours-gen2ou-911268_2026-05-14.md","Active-damage transfer partly improved; new repeated branch-action miss after naming absorber switch"
branch_action_after_naming_probe_001_2026_05_14,2026-05-14,constructed_quick_probe,vanilla_gsc_policy,branch_action_after_naming_probe_001,4,unknown,unknown,constructed_nonblind_policy_regression,policy_answer_key,,,,,,,4/4_action_policy_hits,4/4_classification_hits,0,0,0,0,0,,0,0,,,"docs/pokemon_mastery/quick_tests/branch_action_after_naming_probe_001_2026-05-14.md","Transfer next to a fresh no-keyword-screen replay: name branch then choose active move counter-switch utility status phaze or cash-out"
replay_turn_pause_063_branch_action_transfer_2026_05_14,2026-05-14,replay_turn_pause,vanilla_gsc_replay,smogtours-gen2ou-907828_turns_1_13_branch_action_transfer,26,unknown,unknown,spectator_public_turn_pause_no_keyword_screen_fixed_species_prompt_helper,expert_replay_actual_move_weak_oracle,,,,,,,10/26,15/26,0,0,0,0,0,2,0,0,,,"docs/pokemon_mastery/quick_tests/replay_turn_pause_063_branch_action_transfer_smogtours-gen2ou-907828_2026-05-14.md","Branch-action transfer mixed: improved counter-switch turns 10 and 12, still missed immediate Thunder branch and over-cashed Cloyster"
branch_action_mixed_probe_001_2026_05_14,2026-05-14,constructed_quick_probe,vanilla_gsc_policy,branch_action_mixed_probe_001,4,unknown,unknown,constructed_nonblind_policy_regression,policy_answer_key,,,,,,,4/4_action_policy_hits,4/4_classification_hits,0,0,0,0,0,,0,0,,,"docs/pokemon_mastery/quick_tests/branch_action_mixed_probe_001_2026-05-14.md","Transfer next to fresh replay with named branch plus chosen action and alternative comparison on each turn"
replay_turn_pause_064_branch_action_restatement_2026_05_14,2026-05-14,replay_turn_pause,vanilla_gsc_replay,smogtours-gen2ou-907834_turns_1_15_branch_action_restatement,30,unknown,unknown,spectator_public_turn_pause_no_keyword_screen_fixed_species_prompt_helper,expert_replay_actual_move_weak_oracle,,,,,,,12/30,15/30,0,0,0,0,0,4,0,0,,,"docs/pokemon_mastery/quick_tests/replay_turn_pause_064_branch_action_restatement_smogtours-gen2ou-907834_2026-05-14.md","RestTalk/cashout and hazard timing boundary; preserve Zapdos/Gengar when their route job remains; do not auto-switch sleepers or auto-spinblock before pricing reciprocal Spikes"
preservation_boundary_probe_001_2026_05_14,2026-05-14,constructed_quick_probe,vanilla_gsc_policy,preservation_boundary_probe_001,4,unknown,unknown,constructed_nonblind_policy_regression,policy_answer_key,,,,,,,4/4_action_policy_hits,4/4_classification_hits,0,0,0,0,0,,0,0,,,"docs/pokemon_mastery/quick_tests/preservation_boundary_probe_001_2026-05-14.md","Transfer next to fresh replay: route-job checklist for low RestTalk preservation sleeping-piece stay/switch and Forretress Spikes-vs-Spin timing"
replay_turn_pause_065_preservation_transfer_2026_05_14,2026-05-14,replay_turn_pause,vanilla_gsc_replay,smogtours-gen2ou-920439_turns_1_15_preservation_transfer,30,unknown,unknown,spectator_public_turn_pause_no_keyword_screen_fixed_species_prompt_helper,expert_replay_actual_move_weak_oracle,,,,,,,10/30,17/30,0,0,0,0,0,1,0,0,,,"docs/pokemon_mastery/quick_tests/replay_turn_pause_065_preservation_transfer_smogtours-gen2ou-920439_2026-05-14.md","Preservation transfer partial: Forretress cash-out and Cloyster Reflect improved; branch-action still misses counter-switch coverage hard-answer and revealed-set re-solve"
branch_action_coverage_probe_001_2026_05_14,2026-05-14,constructed_quick_probe,vanilla_gsc_policy,branch_action_coverage_probe_001,4,unknown,unknown,constructed_nonblind_policy_regression,policy_answer_key,,,,,,,4/4_action_policy_hits,4/4_classification_hits,0,0,0,0,0,,0,0,,,"docs/pokemon_mastery/quick_tests/branch_action_coverage_probe_001_2026-05-14.md","Transfer next to fresh replay with branch_action_after_naming card loaded; separate named branch from branch-beating action before revealing"
replay_turn_pause_066_branch_action_transfer_2026_05_14,2026-05-14,replay_turn_pause,vanilla_gsc_replay,smogtours-gen2ou-920441_turns_1_15_branch_action_transfer_same_pair_caveat,30,unknown,unknown,spectator_public_turn_pause_no_keyword_screen_fixed_species_prompt_helper_same_pair_after_920439_caveat,expert_replay_actual_move_weak_oracle,,,,,,,8/30,13/30,0,0,0,0,0,1,0,0,,,"docs/pokemon_mastery/quick_tests/replay_turn_pause_066_branch_action_transfer_smogtours-gen2ou-920441_2026-05-14.md","Branch-action card partial transfer only: hit Spikes through Gengar branch and sleep handoff; missed Forretress counter-switch Protect scout and Golem spinner role"
hidden_role_branch_probe_001_2026_05_14,2026-05-14,constructed_quick_probe,vanilla_gsc_policy,hidden_role_branch_probe_001,4,unknown,unknown,constructed_nonblind_policy_regression,policy_answer_key,,,,,,,4/4_action_policy_hits,4/4_classification_hits,0,0,0,0,0,,0,0,,,"docs/pokemon_mastery/quick_tests/hidden_role_branch_probe_001_2026-05-14.md","Transfer next to fresh replay from different player pair; distinguish standard attacker role from hidden support role before choosing branch action"
replay_turn_pause_067_hidden_role_transfer_2026_05_14,2026-05-14,replay_turn_pause,vanilla_gsc_replay,smogtours-gen2ou-912841_turns_1_16_hidden_role_transfer,30,unknown,unknown,spectator_public_turn_pause_no_keyword_screen_fixed_species_prompt_helper_two_unscored_hidden_intent_actions,expert_replay_actual_move_weak_oracle,,,,,,,11/30,15/30,0,0,0,0,0,1,0,0,,,"docs/pokemon_mastery/quick_tests/replay_turn_pause_067_hidden_role_transfer_smogtours-gen2ou-912841_2026-05-14.md","Different-pair transfer: hidden-role check partial; missed Toxic-before-Spikes and Screech as branch-beating support action into receiver cycles"
support_action_branch_probe_001_2026_05_14,2026-05-14,constructed_quick_probe,vanilla_gsc_policy,support_action_branch_probe_001,4,unknown,unknown,constructed_nonblind_policy_regression,policy_answer_key,,,,,,,4/4_action_policy_hits,4/4_classification_hits,0,0,0,0,0,,0,0,,,"docs/pokemon_mastery/quick_tests/support_action_branch_probe_001_2026-05-14.md","Transfer next to fresh replay: include Toxic Screech Reflect Curse and other support/setup moves as candidate branch-beating actions"
replay_turn_pause_068_support_action_transfer_2026_05_14,2026-05-14,replay_turn_pause,vanilla_gsc_replay,smogtours-gen2ou-913236_turns_1_15_support_action_transfer,30,unknown,unknown,spectator_public_turn_pause_no_keyword_screen_fixed_species_prompt_helper,expert_replay_actual_move_weak_oracle,,,,,,,12/30,17/30,0,0,0,0,0,1,0,0,,,"docs/pokemon_mastery/quick_tests/replay_turn_pause_068_support_action_transfer_smogtours-gen2ou-913236_2026-05-14.md","Support-action transfer partial: later Toxic and Lovely Kiss improved; missed Reflect Roar Curse and low-Forretress Spikes as branch-beating actions"
setup_phaze_support_probe_001_2026_05_14,2026-05-14,constructed_quick_probe,vanilla_gsc_policy,setup_phaze_support_probe_001,4,unknown,unknown,constructed_nonblind_policy_regression,policy_answer_key,,,,,,,4/4_action_policy_hits,4/4_classification_hits,0,0,0,0,0,,0,0,,,"docs/pokemon_mastery/quick_tests/setup_phaze_support_probe_001_2026-05-14.md","Transfer next to fresh replay: treat Reflect Roar Curse Toxic Screech Spikes and support/setup moves as branch actions when they change receiver map or route clock"
replay_turn_pause_069_support_action_transfer_2026_05_14,2026-05-14,replay_turn_pause,vanilla_gsc_replay,smogtours-gen2ou-917918_turns_1_15_support_action_transfer,30,unknown,unknown,spectator_public_turn_pause_no_keyword_screen_fixed_species_prompt_helper,expert_replay_actual_move_weak_oracle,,,,,,,11/30,14/30,0,0,0,0,0,2,0,0,,,"docs/pokemon_mastery/quick_tests/replay_turn_pause_069_support_action_transfer_smogtours-gen2ou-917918_2026-05-14.md","Support-action transfer still partial: hit Spikes Toxic Quagsire handoff; missed Thunder-to-Nidoking counter-switch, Starmie TWave before Spin, Quagsire electric-immunity double, and sleeping Zapdos absorber reuse"
sleeper_spinner_immunity_branch_probe_001_2026_05_14,2026-05-14,constructed_quick_probe,vanilla_gsc_policy,sleeper_spinner_immunity_branch_probe_001,4,unknown,unknown,constructed_nonblind_policy_regression,policy_answer_key,,,,,,,4/4_action_policy_hits,4/4_classification_hits,0,0,0,0,0,,0,0,,,"docs/pokemon_mastery/quick_tests/sleeper_spinner_immunity_branch_probe_001_2026-05-14.md","Transfer next to fresh replay: saved sleeper reusable absorber, Starmie status before Spin, Quagsire electric-immunity receiver, and counter-switch after naming receiver"
replay_turn_pause_070_sleeper_spinner_immunity_transfer_2026_05_14,2026-05-14,replay_turn_pause,vanilla_gsc_replay,gen2ou-2568188099_turns_1_16_sleeper_spinner_immunity_transfer_one_unscored_misinput,31,unknown,unknown,spectator_public_turn_pause_no_keyword_screen_fixed_species_prompt_helper_turn4_p1_unscored_public_misinput,expert_replay_actual_move_weak_oracle,,,,,,,13/31,17/31,1,0,0,0,0,2,0,0,,,"docs/pokemon_mastery/quick_tests/replay_turn_pause_070_sleeper_spinner_immunity_transfer_gen2ou-2568188099_2026-05-14.md","Fresh transfer: hit early Spikes Toxic and Moltres/Snorlax handoffs; severe miss after naming Exeggutor Explosion but failing to preserve boosted Snorlax"
self_ko_absorber_transfer_001_2026_05_14,2026-05-14,focused_replay_transfer,vanilla_gsc_replay,smogtours-gen2ou-921984_turn9_self_ko_absorber_transfer,1,unknown,unknown,spectator_public_turn_pause_no_keyword_screen_sequential_until_first_self_ko_threat,expert_replay_actual_move_weak_oracle,,,,,,,1/1,1/1,0,0,0,0,0,9,0,0,,,"docs/pokemon_mastery/quick_tests/self_ko_absorber_transfer_001_smogtours-gen2ou-921984_2026-05-14.md","Focused transfer: after naming low-Cloyster self-KO threat into Snorlax, switched sleeping Cloyster as absorber; line also covered actual Toxic"
replay_turn_pause_071_cashout_branch_transfer_2026_05_14,2026-05-14,replay_turn_pause,vanilla_gsc_replay,smogtours-gen2ou-921983_turns_1_15_cashout_branch_transfer_same_pair_caveat,29,unknown,unknown,spectator_public_turn_pause_no_keyword_screen_fixed_species_prompt_helper_same_pair_after_921984_caveat,expert_replay_actual_move_weak_oracle,,,,,,,12/29,16/29,1,0,0,0,0,1,0,0,,,"docs/pokemon_mastery/quick_tests/replay_turn_pause_071_cashout_branch_transfer_smogtours-gen2ou-921983_2026-05-14.md","Cash-out transfer mixed: Golem Explosion into DrumLax improved; severe miss after naming Baton Pass to Marowak but choosing Thunderbolt instead of Whirlwind"
baton_pass_receiver_branch_probe_001_2026_05_14,2026-05-14,constructed_quick_probe,vanilla_gsc_policy,baton_pass_receiver_branch_probe_001,4,unknown,unknown,constructed_nonblind_policy_regression,policy_answer_key,,,,,,,4/4_action_policy_hits,4/4_classification_hits,0,0,0,0,0,,0,0,,,"docs/pokemon_mastery/quick_tests/baton_pass_receiver_branch_probe_001_2026-05-14.md","Transfer next to fresh replay segment: after naming Baton Pass receiver, choose phaze, KO passer, counter-switch, or cash-out instead of active-only damage"
receiver_pivot_branch_transfer_001_2026_05_14,2026-05-14,focused_replay_transfer,vanilla_gsc_replay,smogtours-gen2ou-913242_turn3_receiver_pivot_branch_transfer,1,unknown,unknown,spectator_public_turn_pause_no_keyword_screen_sequential_until_first_receiver_pivot,expert_replay_actual_move_weak_oracle,,,,,,,1/1,1/1,0,0,0,0,0,3,0,0,,,"docs/pokemon_mastery/quick_tests/receiver_pivot_branch_transfer_001_smogtours-gen2ou-913242_2026-05-14.md","Focused transfer: Skarmory Toxic into Umbreon also beat the Raikou receiver branch; not a primary gate"
replay_turn_pause_072_branch_action_full_transfer_2026_05_14,2026-05-14,replay_turn_pause,vanilla_gsc_replay,smogtours-gen2ou-917932_turns_1_15_branch_action_full_transfer_same_set_caveat,30,unknown,unknown,spectator_public_turn_pause_no_keyword_screen_fixed_species_prompt_helper_same_set_after_917918_caveat,expert_replay_actual_move_weak_oracle,,,,,,,15/30,18/30,0,0,0,0,0,1,0,0,,,"docs/pokemon_mastery/quick_tests/replay_turn_pause_072_branch_action_full_transfer_smogtours-gen2ou-917932_2026-05-14.md","Full transfer: hit Thunder into Raikou receiver and Rock Slide into Skarmory; still missed Thief into Umbreon, Tyranitar counter-switch into Raikou, Forretress Toxic immunity, and Spikes before Spin"
mixed_receiver_action_probe_001_2026_05_14,2026-05-14,constructed_quick_probe,vanilla_gsc_policy,mixed_receiver_action_probe_001,4,unknown,unknown,constructed_nonblind_policy_regression,policy_answer_key,,,,,,,4/4_action_policy_hits,4/4_classification_hits,0,0,0,0,0,,0,0,,,"docs/pokemon_mastery/quick_tests/mixed_receiver_action_probe_001_2026-05-14.md","Transfer next to fresh replay: choose counter-switch active damage status-immunity or support setup based on what beats the named receiver map"
replay_turn_pause_073_mixed_receiver_action_transfer_2026_05_14,2026-05-14,replay_turn_pause,vanilla_gsc_replay,smogtours-gen2ou-917839_turns_1_16_mixed_receiver_action_transfer,31,unknown,unknown,spectator_public_turn_pause_no_keyword_screen_fixed_species_prompt_helper_turn3_p2_unscored,expert_replay_actual_move_weak_oracle,,,,,,,15/31,18/31,0,0,0,0,0,1,0,0,,,"docs/pokemon_mastery/quick_tests/replay_turn_pause_073_mixed_receiver_action_transfer_smogtours-gen2ou-917839_2026-05-14.md","Mixed transfer: hit Thunder into Raikou and Ice Punch into Raikou receiver; missed Gengar into DynamicPunch, Golem Explosion absorber, and Cloyster cash-out into Dragonite"
mixed_punish_class_probe_001_2026_05_14,2026-05-14,constructed_quick_probe,vanilla_gsc_policy,mixed_punish_class_probe_001,4,unknown,unknown,constructed_nonblind_policy_regression,policy_answer_key,,,,,,,4/4_action_policy_hits,4/4_classification_hits,0,0,0,0,0,,0,0,,,"docs/pokemon_mastery/quick_tests/mixed_punish_class_probe_001_2026-05-14.md","Transfer next to fresh replay: after naming a move-class punish choose immunity absorber avoidance coverage or cash-out according to the next board"
replay_turn_pause_074_mixed_punish_transfer_2026_05_14,2026-05-14,replay_turn_pause,vanilla_gsc_replay,gen2ou-2595957046_turns_1_16_mixed_punish_transfer,31,unknown,unknown,spectator_public_turn_pause_no_keyword_screen_fixed_species_prompt_helper_turn6_p1_unscored,expert_replay_actual_move_weak_oracle,,,,,,,12/31,22/31,0,0,0,0,0,1,0,0,,,"docs/pokemon_mastery/quick_tests/replay_turn_pause_074_mixed_punish_transfer_gen2ou-2595957046_2026-05-14.md","Mixed punish transfer: hit absorber avoidance coverage into receiver and immunity-pivot class; missed Exeggutor Explosion cash-out before sleep/status script"
cashout_before_status_script_probe_001_2026_05_14,2026-05-14,constructed_quick_probe,vanilla_gsc_policy,cashout_before_status_script_probe_001,4,unknown,unknown,constructed_nonblind_policy_regression,policy_answer_key,,,,,,,4/4_action_policy_hits,4/4_classification_hits,0,0,0,0,0,,0,0,,,"docs/pokemon_mastery/quick_tests/cashout_before_status_script_probe_001_2026-05-14.md","Transfer next to fresh replay: price active Explosion or cash-out before defaulting to sleep/status when the active target is already the route converter"
replay_turn_pause_075_cashout_before_status_transfer_2026_05_14,2026-05-14,replay_turn_pause,vanilla_gsc_replay,gen2ou-2595963523_turns_1_18_cashout_before_status_transfer_same_post_caveat,35,unknown,unknown,spectator_public_turn_pause_no_keyword_screen_fixed_species_prompt_helper_turn18_p2_unscored_same_post_after_2595957046_caveat,expert_replay_actual_move_weak_oracle,,,,,,,18/35,23/35,0,0,0,0,0,1,0,0,,,"docs/pokemon_mastery/quick_tests/replay_turn_pause_075_cashout_before_status_transfer_gen2ou-2595963523_2026-05-14.md","Cash-out transfer: hit Cloyster absorber Snorlax Self-Destruct and Exeggutor Explosion; missed Steelix Explosion Gengar Destiny Bond and overcalled Cloyster Explosion where pivot preserve was better"
one_time_trade_taxonomy_probe_001_2026_05_14,2026-05-14,constructed_quick_probe,vanilla_gsc_policy,one_time_trade_taxonomy_probe_001,5,unknown,unknown,constructed_nonblind_policy_regression,policy_answer_key,,,,,,,5/5_action_policy_hits,5/5_classification_hits,0,0,0,0,0,,0,0,,,"docs/pokemon_mastery/quick_tests/one_time_trade_taxonomy_probe_001_2026-05-14.md","Transfer next to fresh replay: classify one-time trades as Explosion before reset Destiny Bond cash-out absorber switch preserve over bad boom or endgame conversion"
replay_turn_pause_076_one_time_trade_transfer_2026_05_14,2026-05-14,replay_turn_pause,vanilla_gsc_replay,smogtours-gen2ou-924513_turns_1_18_one_time_trade_transfer,35,unknown,unknown,spectator_public_turn_pause_no_keyword_screen_fixed_species_prompt_helper_turn12_p1_unscored_no_frozen_answer_adpl_practice_source,expert_replay_actual_move_weak_oracle,,,,,,,16/35,24/35,0,0,1,0,0,2,0,0,,,"docs/pokemon_mastery/quick_tests/replay_turn_pause_076_one_time_trade_transfer_smogtours-gen2ou-924513_2026-05-14.md","One-time trade transfer: missed Cloyster Explosion into Starmie after Rapid Spin; Rest wake timing error returned; sleeper switch-out prior useful but not a script"
spinner_removed_hazard_cashout_probe_001_2026_05_14,2026-05-14,constructed_quick_probe,vanilla_gsc_policy,spinner_removed_hazard_cashout_probe_001,4,unknown,unknown,constructed_nonblind_policy_regression,policy_answer_key,,,,,,,4/4_action_policy_hits,4/4_classification_hits,0,0,0,0,0,,0,0,,,"docs/pokemon_mastery/quick_tests/spinner_removed_hazard_cashout_probe_001_2026-05-14.md","Transfer next to fresh replay: distinguish spinblock-before-utility cash-out-after-utility and preserve-over-unnecessary-cash-out"
replay_turn_pause_077_spinner_control_transfer_2026_05_14,2026-05-14,replay_turn_pause,vanilla_gsc_replay,smogtours-gen2ou-925730_turns_1_7_spinner_control_transfer,14,unknown,unknown,spectator_public_turn_pause_no_keyword_screen_adpl_ix_week4_page2_stopped_after_repeated_statused_spinner_handoff_error,expert_replay_actual_move_weak_oracle,,,,,,,6/14,10/14,0,0,0,0,0,1,0,0,,,"docs/pokemon_mastery/quick_tests/replay_turn_pause_077_spinner_control_transfer_smogtours-gen2ou-925730_2026-05-14.md","Statused-spinner transfer: overcorrected from prior Explosion lesson into immediate cash-out or Spikes; Toxic then preserve Cloyster was the replay route"
replay_turn_pause_078_branch_counter_switch_transfer_2026_05_14,2026-05-14,replay_turn_pause,vanilla_gsc_replay,smogtours-gen2ou-925823_turns_1_15_branch_counter_switch_transfer,30,unknown,unknown,spectator_public_turn_pause_no_keyword_screen_adpl_ix_week4_page2_stopped_after_repeated_branch_action_error,expert_replay_actual_move_weak_oracle,,,,,,,10/30,18/30,0,0,0,0,0,1,0,0,,,"docs/pokemon_mastery/quick_tests/replay_turn_pause_078_branch_counter_switch_transfer_smogtours-gen2ou-925823_2026-05-14.md","Branch-action transfer: named Raikou and Skarmory branches but clicked active pressure instead of counter-switching on turns 14 and 15"
branch_action_focus_002_2026_05_14,2026-05-14,focused_replay_transfer,vanilla_gsc_replay,gen2ou-2595974016_branch_named_turns_2_4_9_12_13,7,unknown,unknown,spectator_public_turn_pause_no_keyword_screen_global_championship_2026_round1_stage2_branch_scored_only,expert_replay_actual_move_weak_oracle,,,,,,,2/7,5/7,0,0,0,0,0,4,0,0,,,"docs/pokemon_mastery/quick_tests/branch_action_focus_002_gen2ou-2595974016_2026-05-14.md","Focused branch-action failed gate: named low-Cloyster receiver and sleeping-Exeggutor receiver but did not commit Earthquake or Explosion into those branches"
branch_action_gate_001_2026_05_14,2026-05-14,focused_replay_transfer,vanilla_gsc_replay,smogtours-gen2ou-909834_branch_named_turns_1_3_4_5,8,unknown,unknown,spectator_public_turn_pause_no_keyword_screen_gsc_trios_page4_branch_gate_scored_only,expert_replay_actual_move_weak_oracle,,,,,,,2/8,4/8,0,0,0,0,0,1,0,0,,,"docs/pokemon_mastery/quick_tests/branch_action_gate_001_smogtours-gen2ou-909834_2026-05-14.md","Branch-action gate failed: overcalled sleep branch turn 1 and missed counter-switch pricing after naming Victreebel/Forretress routes"
branch_action_gate_002_2026_05_14,2026-05-14,focused_replay_transfer,vanilla_gsc_replay,smogtours-gen2ou-910025_branch_named_turns_2_3,4,unknown,unknown,spectator_public_turn_pause_no_keyword_screen_gsc_trios_page4_branch_gate_scored_only,expert_replay_actual_move_weak_oracle,,,,,,,2/4,2/4,0,0,0,0,0,2,0,0,,,"docs/pokemon_mastery/quick_tests/branch_action_gate_002_smogtours-gen2ou-910025_2026-05-14.md","Branch-action gate failed fast: named Starmie counter-switch and Rapid Spin branch but did not obey the Starmie switch or find the Snorlax handoff"
branch_action_gate_003_2026_05_14,2026-05-14,focused_replay_transfer,vanilla_gsc_replay,smogtours-gen2ou-913366_branch_named_turns_1_11,11,unknown,unknown,spectator_public_turn_pause_no_keyword_screen_gsc_trios_page4_branch_gate_scored_only,expert_replay_actual_move_weak_oracle,,,,,,,4/11,5/11,0,0,0,0,0,1,0,0,,,"docs/pokemon_mastery/quick_tests/branch_action_gate_003_smogtours-gen2ou-913366_2026-05-14.md","Branch-action gate: counter-switch found 5/11 obeyed 3/5 correct 2/5; remaining misses are wrong handoff identity and overvalued support over active pressure"
branch_handoff_obedience_probe_001_2026_05_14,2026-05-14,constructed_quick_probe,vanilla_gsc_policy,branch_handoff_obedience_probe_001,4,unknown,unknown,constructed_nonblind_policy_regression,policy_answer_key,,,,,,,4/4_action_policy_hits,4/4_handoff_obedience_hits,0,0,0,0,0,,0,0,,,"docs/pokemon_mastery/quick_tests/branch_handoff_obedience_probe_001_2026-05-14.md","Transfer next to fresh replay: separate branch found handoff found handoff obeyed and rejected-because-it-walks-into-branch"
branch_handoff_transfer_001_2026_05_14,2026-05-14,focused_replay_transfer,vanilla_gsc_replay,smogtours-gen2ou-914170_branch_handoff_turns_1_12,12,unknown,unknown,spectator_public_turn_pause_no_keyword_screen_gsc_trios_page4_branch_handoff_transfer,expert_replay_actual_move_weak_oracle,,,,,,,5/12,7/12,0,0,0,0,0,1,0,0,,,"docs/pokemon_mastery/quick_tests/branch_handoff_transfer_001_smogtours-gen2ou-914170_2026-05-14.md","Branch handoff transfer: branch found 10/12 handoff/action found 7/12 obeyed 5/7 correct 4/7; missed Forretress cashout Golem receiver and SleepTalk Raikou stay"
branch_cashout_coverage_sleeptalk_probe_001_2026_05_14,2026-05-14,constructed_quick_probe,vanilla_gsc_policy,branch_cashout_coverage_sleeptalk_probe_001,4,unknown,unknown,constructed_nonblind_policy_regression,policy_answer_key,,,,,,,4/4_action_policy_hits,4/4_handoff_obedience_hits,0,0,0,0,0,,0,0,,,"docs/pokemon_mastery/quick_tests/branch_cashout_coverage_sleeptalk_probe_001_2026-05-14.md","Transfer next to fresh replay: price cash-out coverage SleepTalk stay and handoff in that order before committing to switch"
branch_cashout_coverage_sleeptalk_transfer_001_2026_05_14,2026-05-14,focused_replay_transfer,vanilla_gsc_replay,smogtours-gen2ou-914172_branch_order_turns_1_12,23,unknown,unknown,spectator_public_turn_pause_no_keyword_screen_gsc_trios_page4_branch_order_transfer,expert_replay_actual_move_weak_oracle,,,,,,,8/23,12/23,0,0,0,0,0,1,0,0,,,"docs/pokemon_mastery/quick_tests/branch_cashout_coverage_sleeptalk_transfer_001_smogtours-gen2ou-914172_2026-05-14.md","Branch order transfer: hit Toxic Explosion Rest and SleepTalk stay once; missed Curse setup Golem receiver SleepTalk-vs-phaze handoff and paired Umbreon/Raikou handoff"
setup_coverage_sleeptalk_handoff_probe_001_2026_05_14,2026-05-14,constructed_quick_probe,vanilla_gsc_policy,setup_coverage_sleeptalk_handoff_probe_001,4,unknown,unknown,constructed_nonblind_policy_regression,policy_answer_key,,,,,,,4/4_action_policy_hits,4/4_handoff_order_hits,0,0,0,0,0,,0,0,,,"docs/pokemon_mastery/quick_tests/setup_coverage_sleeptalk_handoff_probe_001_2026-05-14.md","Transfer next to fresh replay: setup before pressure revealed-coverage receiver SleepTalk rejected by phaze and paired handoff"
setup_coverage_sleeptalk_handoff_transfer_001_2026_05_14,2026-05-14,focused_replay_transfer,vanilla_gsc_replay,smogtours-gen2ou-914178_branch_turns_1_11,22,unknown,unknown,spectator_public_turn_pause_no_keyword_screen_gsc_trios_page4_setup_coverage_sleeptalk_handoff_transfer,expert_replay_actual_move_weak_oracle,,,,,,,6/22,11/22,0,0,0,0,0,1,0,0,,,"docs/pokemon_mastery/quick_tests/setup_coverage_sleeptalk_handoff_transfer_001_smogtours-gen2ou-914178_2026-05-14.md","Transfer failed paired-handoff gate: hit Umbreon-to-Starmie and late Forretress receiver but missed Exeggutor/Forretress Gengar/Exeggutor Forretress/Snorlax and Shuckle setup handoffs"
paired_handoff_probe_001_2026_05_14,2026-05-14,constructed_quick_probe,vanilla_gsc_policy,paired_handoff_probe_001,4,unknown,unknown,constructed_nonblind_policy_regression,policy_answer_key,,,,,,,4/4_action_policy_hits,4/4_paired_handoff_hits,0,0,0,0,0,,0,0,,,"docs/pokemon_mastery/quick_tests/paired_handoff_probe_001_2026-05-14.md","Transfer next to fresh replay: score my handoff opponent counter-handoff active pressure into receiver and setup after handoff-out separately"
paired_handoff_transfer_001_2026_05_14,2026-05-14,focused_replay_transfer,vanilla_gsc_replay,smogtours-gen2ou-920763_turns_6_12_paired_handoff_transfer,14,unknown,unknown,spectator_public_turn_pause_no_keyword_screen_winter_seasonal_8_round_8_turns_1_5_exposed_start_t6,expert_replay_actual_move_weak_oracle,,,,,,,4/14,7/14,1,1,0,0,0,6,0,0,,,"docs/pokemon_mastery/quick_tests/paired_handoff_transfer_001_smogtours-gen2ou-920763_2026-05-14.md","Build Rest-sleeper handoff plus cleric-before-Explosion regression, then transfer to fresh replay"
rest_sleeper_cleric_trade_probe_001_2026_05_14,2026-05-14,constructed_quick_probe,vanilla_gsc_policy,rest_sleeper_cleric_trade_probe_001,4,unknown,unknown,constructed_nonblind_policy_regression,policy_answer_key,,,,,,,4/4_action_policy_hits,4/4_boundary_hits,0,0,0,0,0,,0,0,,,"docs/pokemon_mastery/quick_tests/rest_sleeper_cleric_trade_probe_001_2026-05-14.md","Transfer next to fresh replay: score safe sleep turn sleeper preservation support handoff support-before-cashout and setup after handoff-out"
rest_sleeper_cleric_trade_transfer_001_2026_05_14,2026-05-14,focused_replay_transfer,vanilla_gsc_replay,smogtours-gen2ou-920770_turns_1_22_rest_sleeper_cleric_trade_transfer,42,unknown,unknown,spectator_public_turn_pause_no_keyword_screen_winter_seasonal_8_round_8_unscored_t4p1_t14p1,expert_replay_actual_move_weak_oracle,,,,,,,11/42,20/42,0,0,0,0,0,1,0,0,,,"docs/pokemon_mastery/quick_tests/rest_sleeper_cleric_trade_transfer_001_smogtours-gen2ou-920770_2026-05-14.md","Next fresh transfer: paired handoff into Ghost or Electric receiver plus trap/phaze timing"
ghost_electric_trap_phaze_transfer_001_2026_05_14,2026-05-14,focused_replay_transfer,vanilla_gsc_replay,smogtours-gen2ou-920777_turns_1_25_ghost_electric_trap_phaze_transfer,47,unknown,unknown,spectator_public_turn_pause_no_keyword_screen_winter_seasonal_8_round_8_unscored_t12p1_t24p1_t25p1,expert_replay_actual_move_weak_oracle,,,,,,,19/47,29/47,0,0,0,1,0,1,0,0,,,"docs/pokemon_mastery/quick_tests/ghost_electric_trap_phaze_transfer_001_smogtours-gen2ou-920777_2026-05-14.md","Next fresh transfer: Electric receiver handoff identity plus reject RestTalk-stay when another piece owns the branch"
electric_receiver_resttalk_transfer_001_2026_05_14,2026-05-14,focused_replay_transfer,vanilla_gsc_replay,smogtours-gen2ou-920928_turns_1_22_electric_receiver_resttalk_transfer,42,unknown,unknown,spectator_public_turn_pause_no_keyword_screen_winter_seasonal_8_round_8_unscored_t20p2_t21p2,expert_replay_actual_move_weak_oracle,,,,,,,12/42,19/42,0,0,1,2,0,3,0,0,,,"docs/pokemon_mastery/quick_tests/electric_receiver_resttalk_transfer_001_smogtours-gen2ou-920928_2026-05-14.md","Next: short correction probe for RestTalk stay versus handoff and hidden-role voluntary-entry pricing"
resttalk_hidden_role_correction_probe_001_2026_05_14,2026-05-14,constructed_quick_probe,vanilla_gsc_policy,resttalk_hidden_role_correction_probe_001,4,unknown,unknown,constructed_nonblind_policy_regression,policy_answer_key,,,,,,,4/4_action_policy_hits,4/4_boundary_hits,0,0,0,0,0,,0,0,,,"docs/pokemon_mastery/quick_tests/resttalk_hidden_role_correction_probe_001_2026-05-14.md","Transfer next to fresh replay: RestTalk stay handoff hidden-role voluntary entry and active pressure into named receiver"
hidden_role_electric_transfer_001_2026_05_14,2026-05-14,focused_replay_transfer,vanilla_gsc_replay,smogtours-gen2ou-920951_turns_1_22_hidden_role_electric_transfer,44,unknown,unknown,spectator_public_turn_pause_no_keyword_screen_winter_seasonal_8_round_8,expert_replay_actual_move_weak_oracle,,,,,,,14/44,19/44,0,0,0,1,0,1,0,0,,,"docs/pokemon_mastery/quick_tests/hidden_role_electric_transfer_001_smogtours-gen2ou-920951_2026-05-14.md","Next fresh transfer: hidden-role voluntary entry Gengar spinblock Umbreon Pursuit/trap plus exact Electric handoff identity"
hidden_role_electric_transfer_002_2026_05_14,2026-05-14,focused_replay_transfer,vanilla_gsc_replay,smogtours-gen2ou-920961_turns_1_22_hidden_role_electric_transfer,44,unknown,unknown,spectator_public_turn_pause_no_keyword_screen_winter_seasonal_8_round_8,expert_replay_actual_move_weak_oracle,,,,,,,21/44,27/44,0,0,0,0,0,3,0,0,,,"docs/pokemon_mastery/quick_tests/hidden_role_electric_transfer_002_smogtours-gen2ou-920961_2026-05-14.md","Next probe: support-set hidden roles RestTalk setup handoff Toxic-before-Spikes Forretress Curse Skarmory and phaze-to-break-trap Zapdos"
support_set_hidden_role_probe_001_2026_05_14,2026-05-14,constructed_quick_probe,vanilla_gsc_policy,support_set_hidden_role_probe_001,4,unknown,unknown,constructed_nonblind_policy_regression,policy_answer_key,,,,,,,4/4_action_policy_hits,4/4_role_route_hits,0,0,0,0,0,,0,0,,,"docs/pokemon_mastery/quick_tests/support_set_hidden_role_probe_001_2026-05-14.md","Transfer next to fresh replay: support-set hidden roles RestTalk setup handoff Toxic Forretress Curse Skarmory and Whirlwind Zapdos"
support_set_hidden_role_transfer_001_2026_05_14,2026-05-14,focused_replay_transfer,vanilla_gsc_replay,smogtours-gen2ou-921372_turns_1_16_support_set_hidden_role_transfer,31,unknown,unknown,spectator_public_turn_pause_no_keyword_screen_winter_seasonal_8_round_8_turn2p1_unscored_freeze,expert_replay_actual_move_weak_oracle,,,,,,,14/31,21/31,0,0,0,0,0,1,0,0,,,"docs/pokemon_mastery/quick_tests/support_set_hidden_role_transfer_001_smogtours-gen2ou-921372_2026-05-14.md","Next probe: counter-handoff after first support handoff reveal and stop condition for not overcalling the loop"
counter_handoff_loop_probe_001_2026_05_14,2026-05-14,constructed_quick_probe,vanilla_gsc_policy,counter_handoff_loop_probe_001,4,unknown,unknown,constructed_nonblind_policy_regression,policy_answer_key,,,,,,,4/4_action_policy_hits,4/4_boundary_hits,0,0,0,0,0,,0,0,,,"docs/pokemon_mastery/quick_tests/counter_handoff_loop_probe_001_2026-05-14.md","Transfer next to fresh replay: score first handoff counter-handoff obeyed active-pressure stop condition and third-owner re-score"
counter_handoff_loop_transfer_001_2026_05_14,2026-05-14,focused_replay_transfer,vanilla_gsc_replay,smogtours-gen2ou-921389_turns_1_20_counter_handoff_loop_transfer,40,unknown,unknown,spectator_public_turn_pause_no_keyword_screen_winter_seasonal_8_round_8_future_log_quarantined_after_turn20,expert_replay_actual_move_weak_oracle,,,,,,,12/40,16/40,0,0,1,0,0,1,0,0,,,"docs/pokemon_mastery/quick_tests/counter_handoff_loop_transfer_001_smogtours-gen2ou-921389_2026-05-14.md","Next probe: setup-hidden-role stop conditions Substitute RestTalk phaze support and active damage over speculative loops"
setup_hidden_role_stop_probe_001_2026_05_14,2026-05-14,constructed_quick_probe,vanilla_gsc_policy,setup_hidden_role_stop_probe_001,4,unknown,unknown,constructed_nonblind_policy_regression,policy_answer_key,,,,,,,4/4_action_policy_hits,4/4_state_explicit_hits,0,0,0,0,0,,0,0,,,"docs/pokemon_mastery/quick_tests/setup_hidden_role_stop_probe_001_2026-05-14.md","Transfer next to fresh replay: Substitute state RestTalk stay or handoff phaze counter-handoff and active damage over speculative loops"
setup_hidden_role_stop_transfer_001_2026_05_14,2026-05-14,focused_replay_transfer,vanilla_gsc_replay,smogtours-gen2ou-921412_turns_1_20_setup_hidden_role_stop_transfer,39,unknown,unknown,spectator_public_turn_pause_no_keyword_screen_winter_seasonal_8_round_8_turn20p1_unscored_full_para,expert_replay_actual_move_weak_oracle,,,,,,,16/39,25/39,0,0,0,0,0,1,0,0,,,"docs/pokemon_mastery/quick_tests/setup_hidden_role_stop_transfer_001_smogtours-gen2ou-921412_2026-05-14.md","Next probe: screen-plus-phaze and third-owner loop re-score Reflect Roar Misdreavus low setup without Rest reveal active damage over Rest or pivot"
screen_phaze_third_owner_probe_001_2026_05_14,2026-05-14,constructed_quick_probe,vanilla_gsc_policy,screen_phaze_third_owner_probe_001,4,unknown,unknown,constructed_nonblind_policy_regression,policy_answer_key,,,,,,,4/4_action_policy_hits,4/4_boundary_hits,0,0,0,0,0,,0,0,,,"docs/pokemon_mastery/quick_tests/screen_phaze_third_owner_probe_001_2026-05-14.md","Transfer next to fresh replay: screen plus phaze package third-owner Misdreavus low setup without hidden Rest import active damage over defensive scripts"
low_rest_race_transfer_001_2026_05_14,2026-05-14,focused_replay_transfer,vanilla_gsc_replay,gen2ou-2544449982_turns_1_15_low_rest_race_transfer,30,unknown,unknown,spectator_public_turn_pause_hidden_future_current_winter_seasonal_8_round3,expert_replay_actual_move_weak_oracle,,,,,,,16/30,23/30,0,0,1,0,0,5,0,0,,,"docs/pokemon_mastery/quick_tests/low_rest_race_transfer_001_gen2ou-2544449982_2026-05-14.md","Rest-race severe did not repeat but exact gate was not directly tested; review turn5 sleep-source, turn7 Substitute branch, turn13 Explosion overcall"
three_check_transfer_001_2026_05_14,2026-05-14,focused_replay_transfer,vanilla_gsc_replay,gen2ou-2544443857_turns_1_16_three_check_transfer,30,unknown,unknown,spectator_public_turn_pause_hidden_future_current_winter_seasonal_8_round3_same_set_caveat,expert_replay_actual_move_weak_oracle,,,,,,,14/30,22/30,0,0,1,0,0,1,0,0,,,"docs/pokemon_mastery/quick_tests/three_check_transfer_001_gen2ou-2544443857_2026-05-14.md","Explosion owner transferred on turn9; new bottleneck is hazard ownership around Golem Rapid Spin, opposing Spikes reset, and coverage into named receiver"
hazard_ownership_transfer_001_2026_05_14,2026-05-14,focused_replay_transfer,vanilla_gsc_replay,smogtours-gen2ou-906382_turns_1_15_hazard_ownership_transfer,30,unknown,unknown,spectator_public_turn_pause_hidden_future_current_winter_seasonal_8_round1,expert_replay_actual_move_weak_oracle,,,,,,,12/30,26/30,0,0,1,0,0,15,0,0,,,"docs/pokemon_mastery/quick_tests/hazard_ownership_transfer_001_smogtours-gen2ou-906382_2026-05-14.md","Positive-selection not solved: Cloyster hazard job ordering missed on turn15; next rep must name both sides hazards and order Spikes before Spin when opponent side is unspiked"
cloyster_hazard_job_transfer_001_2026_05_14,2026-05-14,focused_replay_transfer,vanilla_gsc_replay,smogtours-gen2ou-916513_turns_1_15_cloyster_hazard_job_transfer,30,unknown,unknown,spectator_public_turn_pause_hidden_future_current_spl_xvii_week9_no_keyword_screen,expert_replay_actual_move_weak_oracle,,,,,,,17/30,29/30,0,0,0,0,0,6,0,0,,,"docs/pokemon_mastery/quick_tests/cloyster_hazard_job_transfer_001_smogtours-gen2ou-916513_2026-05-14.md","Cloyster hazard job ordering transferred on Spikes and Toxic-over-hazard turns; next bottleneck is branch-counter-switch after forcing an exit"
branch_counter_switch_transfer_002_2026_05_14,2026-05-14,focused_replay_transfer,vanilla_gsc_replay,smogtours-gen2ou-914596_turns_1_16_branch_counter_switch_transfer,30,unknown,unknown,spectator_public_turn_pause_hidden_future_current_spl_xvii_week8_no_keyword_screen_two_no_action_sleep_exclusions,expert_replay_actual_move_weak_oracle,,,,,,,14/30,25/30,0,0,1,1,0,1,0,0,,,"docs/pokemon_mastery/quick_tests/branch_counter_switch_transfer_002_smogtours-gen2ou-914596_2026-05-14.md","Branch-counter-switch did not transfer cleanly: missed trap-Smeargle cashout, re-sleep state, and Explosion into named Zapdos sleep absorber"
branch_absorber_punish_probe_001_2026_05_14,2026-05-14,constructed_quick_probe,vanilla_gsc_policy,branch_absorber_punish_probe_001,4,unknown,unknown,constructed_nonblind_policy_regression,policy_answer_key,,,,,,,4/4_action_policy_hits,4/4_absorber_punish_ranking_hits,0,0,0,0,0,,0,0,,,"docs/pokemon_mastery/quick_tests/branch_absorber_punish_probe_001_2026-05-14.md","Transfer next to fresh replay: when status absorber is named rank cash-out coverage counter-switch setup/Substitute and status before choosing"
branch_absorber_transfer_001_2026_05_14,2026-05-14,focused_replay_transfer,vanilla_gsc_replay,smogtours-gen2ou-912287_turns_1_16_branch_absorber_transfer,30,unknown,unknown,spectator_public_turn_pause_hidden_future_current_spl_xvii_week7_no_keyword_screen,expert_replay_actual_move_weak_oracle,,,,,,,10/30,15/30,1,0,0,1,0,1,0,0,,,"docs/pokemon_mastery/quick_tests/branch_absorber_transfer_001_smogtours-gen2ou-912287_2026-05-14.md","Not progress: top and acceptable agreement were poor and Explosion into a plausible hidden Gengar immunity caused a severe hidden-info error; next rep is cash-out immunity guard"
cashout_immunity_guard_probe_001_2026_05_14,2026-05-14,constructed_quick_probe,vanilla_gsc_policy,cashout_immunity_guard_probe_001,4,unknown,unknown,constructed_nonblind_policy_regression,policy_answer_key,,,,,,,4/4_immunity_owner_naming_hits,4/4_cashout_ranking_hits,0,0,0,0,0,,0,0,,,"docs/pokemon_mastery/quick_tests/cashout_immunity_guard_probe_001_2026-05-14.md","Regression only: cash-out guard restated; next proof is fresh replay transfer where all-in trades require revealed/plausible hidden immunity owners and fallback lines"
cashout_immunity_transfer_001_2026_05_14,2026-05-14,focused_replay_transfer,vanilla_gsc_replay,smogtours-gen2ou-912827_turns_1_15_cashout_immunity_transfer,30,unknown,unknown,spectator_public_turn_pause_hidden_future_current_spl_xvii_week7_no_keyword_screen,expert_replay_actual_move_weak_oracle,,,,,,,15/30,19/30,0,0,0,0,0,1,0,0,,,"docs/pokemon_mastery/quick_tests/cashout_immunity_transfer_001_smogtours-gen2ou-912827_2026-05-14.md","Cash-out guard held in limited sample but not broad progress: top/acceptable below gate; next target is status-capable positive selection into receivers with Thief/coverage/handoff before generic sleep or active-target damage"
side_known_transfer_045_claude_2026_05_16,2026-05-16,replay_turn_pause_load_required_triggers_falsification,vanilla_gsc_replay,smogtours-gen2ou-781283_turns_1_31_p2_mrsoup_claude_run,30,unknown,unknown,side_known_p2_team_species_only_reconstructed_from_replay_log_strong_prior_sets,expert_replay_actual_move_weak_oracle_gsc_championship_finals,,,,,,,15/30,23/30,1,0,0,1,0,12,0,0,,,"docs/pokemon_mastery/workspace/quick_tests/side_known_transfer_045_smogtours-gen2ou-781283_p2_claude_2026-05-16.md","Ceiling-reached per packet-044 falsification gate: triggers honored every turn but top-match held at 15/30 baseline; H1 eliminated (0%), H2 now dominant (66% of misses); severe blunder T12 Cloyster Boom into Gengar Ghost immunity from missed branch-punish audit on type-immunity; next target is harden branch-punish audit with explicit type-immunity demotion list AND pivot to pairwise contrastive drills (Inventory Issue 21) for route_budget H2 misses"
